,VGCPastes Repository (Regulation B),,,,,,,,,,,,,,,,,,,Total Team Count:,,185,,,,,Total Creator Count: ,162,,,Teams with Rentals: ,95,,,,,,,,,,
,Click here to visit our Twitter for latest updates!,,,,,,,,,,,,,,,,,,,,,,,,,,DM us in Discord if Rental Code is not available anymore! ⬇︎,,,Source /,,Note: Most of the teams we find are from Twitter,,,,,,,,,,
Team ID,Team Description,,Full Name,,1,,,2,,,3,,,4,,,5,,,6,,,,Pokepaste,EVs,Extracted paste?,Rental Status,"Rental Code
(Click text for image)",Date Shared,Tournament / Event,Rank,Link to Source,Report / Video,Other Links,Owner,,Pokemon Text for Copypasta,,,,,
848,Alberto's OCIC Runner Up Team,,Alberto Lara,,,,Leftovers,,,Covert Cloak,,,Sitrus Berry,,,Light Clay,,,Choice Scarf,,,Booster Energy,,https://pokepast.es/306eacdf0f3789b3,No,Extracted,X,None,19 Feb 2023,OCIC,Runner Up,https://twitter.com/Alberto310/status/1627205586772430850,https://victoryroadvgc.com/2023-ocic/,-,Alberto310,,Volcarona,Iron Bundle,Corviknight,Klefki,Garchomp,Roaring Moon
847,YT's OCIC Top 4 Team,,Yuya Tada,,,,Safety Goggles,,,Booster Energy,,,Leftovers,,,Choice Scarf,,,Life Orb,,,Choice Band,,https://pokepast.es/22e95b8828d5c771,No,Extracted,X,None,19 Feb 2023,OCIC,Top 4,https://twitter.com/YTpublic/status/1626840013966299138,https://victoryroadvgc.com/2023-ocic/,-,YTpublic,,Arcanine,Iron Moth,Dondozo,Tatsugiri,Flutter Mane,Dragonite
846,ragi's OCIC Top 4 Team,,Raghav Malaviya,,,,Sitrus Berry,,,Focus Sash,,,Assault Vest,,,Safety Goggles,,,Covert Cloak,,,Booster Energy,,https://pokepast.es/faa1127c4292d860,Yes,Owner's,✔,5T9JDY,1 Mar 2023,OCIC,Top 4,https://twitter.com/raghavmalaviya/status/1627084286439612417,https://youtu.be/_u5O8nVZmBk,https://victoryroadvgc.com/2023-ocic/,raghavmalaviya,,Arcanine,Iron Bundle,Iron Hands,Maushold-Four,Gholdengo,Roaring Moon
845,Chino's OCIC Top 8 Team,,Alfredo Chang-Gonzalez,,,,Life Orb,,,Booster Energy,,,Focus Sash,,,Psychic Seed,,,Choice Specs,,,Safety Goggles,,https://pokepast.es/812203e977b7d717,Yes,Extracted,✔,FRGJHC,27 Feb 2023,OCIC,Top 8,https://twitter.com/ChinoVGC/status/1627550506922147841,https://youtu.be/Bj69RhYePhY,https://victoryroadvgc.com/2023-ocic/,ChinoVGC,,Armarouge,Iron Bundle,Great Tusk,Indeedee-F,Flutter Mane,Hydreigon
844,Chuppa's OCIC Top 8 Team,,Chuppa Cross IV,,,,Safety Goggles,,,Covert Cloak,,,Leftovers,,,Choice Scarf,,,Focus Sash,,,Choice Specs,,https://pokepast.es/e6d2e7b30852cfc5,Yes,Extracted,✔,JB5WT3,22 Feb 2023,OCIC,Top 8,https://twitter.com/ChuppaVGC/status/1628528888531017730,https://victoryroadvgc.com/2023-ocic/,-,ChuppaVGC,,Arcanine,Talonflame,Dondozo,Tatsugiri,Pawmot,Gholdengo
843,Hari's OCIC Top 8 Team,,Thomas Gravouille,,,,Assault Vest,,,Focus Sash,,,Leftovers,,,Safety Goggles,,,Throat Spray,,,Booster Energy,,https://pokepast.es/0ce4166fce375dcc,No,Extracted,X,None,19 Feb 2023,OCIC,Top 8,https://twitter.com/HariPKMN/status/1626822885246488576,https://victoryroadvgc.com/2023-ocic/,-,HariPKMN,,Arcanine,Iron Bundle,Annihilape,Maushold,Sylveon,Roaring Moon
842,Lexicon's OCIC 9th Place Team,,Alex Underhill,,,,Safety Goggles,,,Covert Cloak,,,Life Orb,,,Focus Sash,,,Assault Vest,,,Booster Energy,,https://pokepast.es/8ef1f8710cdd8bb5,Yes,Owner's,X,None,27 Feb 2023,OCIC,9th,https://twitter.com/LexiconVGC/status/1630285792747593731,https://victoryroadvgc.com/2023-ocic/,-,LexiconVGC,,Talonflame,Iron Bundle,Glimmora,Great Tusk,Kingambit,Flutter Mane
841,DayDay's OCIC 18th Place Team,,Xiao Haotian,,,,Focus Sash,,,Covert Cloak,,,Leftovers,,,Assault Vest,,,Life Orb,,,Booster Energy,,https://pokepast.es/4314f30b4e0ecf07,Yes,Extracted,✔,1BDXYV,28 Feb 2023,OCIC,18th,https://twitter.com/DayDay84400880/status/1630561494894268416,https://victoryroadvgc.com/2023-ocic/,-,DayDay84400880,,Iron Bundle,Amoonguss,Garganacl,Iron Hands,Mimikyu,Roaring Moon
840,Jesse's OCIC 21st Place Team,,Jesse Beard,,,,Assault Vest,,,Sharp Beak,,,Covert Cloak,,,Sitrus Berry,,,Booster Energy,,,Light Clay,,https://pokepast.es/4fa8dbe56d22a1c9,Yes,Owner's,✔,JQDFNG,19 Feb 2023,OCIC,21st,https://twitter.com/JL_Beardy/status/1627169025607495680,https://victoryroadvgc.com/2023-ocic/,-,JL_Beardy,,Arcanine,Talonflame,Gastrodon-East,Iron Hands,Flutter Mane,Grimmsnarl
839,Matthew's OCIC 28th Place Team,,Matthew Mitchell,,,,Assault Vest,,,Booster Energy,,,Focus Sash,,,Choice Specs,,,Light Clay,,,Life Orb,,https://pokepast.es/8edf83f8f023719a,Yes,Extracted,✔,2L0Y75,19 Feb 2023,OCIC,28th,https://twitter.com/Bahamate8/status/1626806115278426113,https://victoryroadvgc.com/2023-ocic/,-,Bahamate8,,Ceruledge,Iron Bundle,Meowscarada,Gholdengo,Grimmsnarl,Dragapult
838,kingofmars' OCIC Champion Team,,Gavin Michaels,,,,Mystic Water,,,Focus Sash,,,Sitrus Berry,,,Assault Vest,,,Dragon Fang,,,Lum Berry,,https://pokepast.es/5c46f9ec443664cb,Yes,Extracted,✔,MNJDG5,20 Feb 2023,OCIC,Champion,https://twitter.com/komvgc/status/1627829243546828800,https://youtu.be/QmCzvVIKyG0,https://victoryroadvgc.com/2023-ocic/,komvgc,,Palafin,Pelipper,Amoonguss,Iron Hands,Baxcalibur,Dragonite
837,NJ11's Teru Challenge #14 Top Cut Team,,Navjit Joshi,,,,Leftovers,,,Booster Energy,,,Mental Herb,,,Clear Amulet,,,Assault Vest,,,Life Orb,,https://pokepast.es/dbc1556cd95002f4,No,Extracted,X,None,11 Feb 2023,Teru Challenge #14,Top 16,https://twitter.com/IsAStarter/status/1624628638070218752?t=C1niGOwWCQOGV8XB4Us9mQ&s=19,https://twitter.com/_Liberty_Note/status/1625102944596267011,https://tonamel.com/competition/Xcq4G/tournament,IsAStarter,,Volcarona,Iron Bundle,Amoonguss,Great Tusk,Kingambit,Mimikyu
836,Neil's Norcal Local Champion Team,,Neil Patel,,,,Safety Goggles,,,Life Orb,,,Iapapa Berry,,,Shuca Berry,,,Sitrus Berry,,,Booster Energy,,https://pokepast.es/2df2a40cb941d304,No,Extracted,X,None,12 Feb 2023,NorCal VGC local,Champion,https://twitter.com/Neil_VGC/status/1624646262342709249?t=8qG6qdvLP1c_b7b0Z3QUlg&s=19,https://twitter.com/NorCalVGC/status/1624813330438160385,-,Neil_VGC,,Arcanine,Palafin,Amoonguss,Iron Hands,Gothitelle,Flutter Mane
835,George's Orlando Regionals Top 16 Team,,George Tifverman,,,,Safety Goggles,,,Leftovers,,,Focus Sash,,,Loaded Dice,,,Assault Vest,,,Psychic Seed,,https://pokepast.es/0db83f06272feb10,Yes,Owner's,✔,3N1HJD,13 Feb 2023,Orlando Regionals,Top 16,https://twitter.com/SudokuMasta/status/1625206291764224000,https://youtu.be/HEoRebncDqQ,https://victoryroadvgc.com/2023-orlando/,SudokuMasta,,Armarouge,Dondozo,Tatsugiri,Brute Bonnet,Iron Hands,Indeedee-F
834,Wacka's Orlando Regionals Top 16 Team,,Jonathan Melendez,,,,Covert Cloak,,,Sitrus Berry,,,Assault Vest,,,Focus Sash,,,Psychic Seed,,,Life Orb,,https://pokepast.es/750e89269ae40d6c,Yes,Owner's,✔,GVH3PM,14 Feb 2023,Orlando Regionals,Top 16,https://twitter.com/WackaPuff/status/1625562382884868107,https://youtu.be/lqvG22TMVbY,https://victoryroadvgc.com/2023-orlando/,WackaPuff,,Armarouge,Brute Bonnet,Iron Hands,Stonjourner,Indeedee-F,Flutter Mane
833,WoodTofu's Belly Drum Iron Hands Team,,WoodTofu,,,,Life Orb,,,Covert Cloak,,,Iapapa Berry,,,Booster Energy,,,Sitrus Berry,,,Safety Goggles,,https://pokepast.es/132b6262f0a86984,Yes,Owner's,✔,433N68,2 Feb 2023,Tweet,-,https://twitter.com/woodtofuvgc/status/1621214858200100864,-,-,woodtofuvgc,,Armarouge,Talonflame,Brute Bonnet,Great Tusk,Iron Hands,Indeedee-F
832,RedJ's Early Season HO Team,,RedJ,,,,Covert Cloak,,,Booster Energy,,,Focus Sash,,,Assault Vest,,,Choice Specs,,,Life Orb,,https://pokepast.es/e3edc7a976e28807,Yes,Owner's,✔,4BHDYL,3 Feb 2023,Tweet,-,https://twitter.com/redstonejesus1/status/1621286323205046275,-,-,redstonejesus1,,Talonflame,Iron Bundle,Great Tusk,Tyranitar,Gholdengo,Flutter Mane
831,Radiant's Early Season Rank 14 Team,,Radiant,,,,Iapapa Berry,,,Eject Button,,,Assault Vest,,,Sitrus Berry,,,Focus Sash,,,Life Orb,,https://pokepast.es/e3c578396499855a,Yes,Owner's,✔,3PG9H3,2 Feb 2023,Battle Stadium,-,https://twitter.com/radiantwf/status/1621158677104451585,-,-,radiantwf,,Arcanine,Amoonguss,Iron Hands,Gothitelle,Flutter Mane,Roaring Moon
830,astropc's Master Ball Tier Team,,astropc,,,,Covert Cloak,,,Focus Sash,,,Rocky Helmet,,,Assault Vest,,,Life Orb,,,Booster Energy,,https://pokepast.es/6bbf936b7f9c39a5,Yes,Owner's,X,None,2 Feb 2023,Battle Stadium,-,https://twitter.com/astropc1/status/1621064794907508742,-,-,astropc1,,Talonflame,Iron Bundle,Amoonguss,Great Tusk,Gholdengo,Roaring Moon
829,Pyro's Early Seaon Rank 14 Team,,Pyro,,,,Safety Goggles,,,Heat Rock,,,Yache Berry,,,Assault Vest,,,Focus Sash,,,Life Orb,,https://pokepast.es/8853038e060e29d7,Yes,Owner's,✔,18HS5H,2 Feb 2023,Battle Stadium,14th,https://twitter.com/ben_killed/status/1621049510180061186,-,-,ben_killed,,Tauros-Paldea-Blaze,Torkoal,Jumpluff,Sandy Shocks,Flutter Mane,Baxcalibur
828,IceBeamVGC's Early Season Rank 65 Team,,IceBeamVGC,,,,Covert Cloak,,,Leftovers,,,Choice Scarf,,,Focus Sash,,,Life Orb,,,Choice Specs,,https://pokepast.es/2c55505c4c90a1e6,Yes,Owner's,X,None,3 Feb 2023,Battle Stadium,65th,https://twitter.com/IceBeamVGC/status/1621347371987701761,-,-,IceBeamVGC,,Talonflame,Dondozo,Tatsugiri,Pawmot,Great Tusk,Gholdengo
827,Raziel's Spiritomb And Klefki Team,,Raziel,,,,Charcoal,,,Life Orb,,,Throat Spray,,,Choice Scarf,,,Leftovers,,,Light Clay,,https://pokepast.es/3adbb66dcfe6ca8f,Yes,Owner's,✔,CVJST3,1 Feb 2023,Tweet,-,https://twitter.com/razielwastaken/status/1620889314661142528,-,-,razielwastaken,,Torkoal,Azumarill,Arboliva,Annihilape,Spiritomb,Klefki
826,Canary255's MausTour #2 Top 32 Team,,Ismael Aarab Umpiérrez,,,,Flame Orb,,,Sitrus Berry,,,Booster Energy,,,Eviolite,,,Focus Sash,,,Safety Goggles,,https://pokepast.es/ea962ea29b0360ae,Yes,Owner's,X,None,2 Feb 2023,MausTour Weekly #2,26th,https://twitter.com/canary255/status/1620920820758462465?s=46&t=T1tbsZaYOO-HNkofZVXTmA,https://play.limitlesstcg.com/tournament/63d15a16f61c172bc0320e54/standings,-,canary255,,Hariyama,Iron Hands,Iron Jugulis,Misdreavus,Flutter Mane,Hydreigon
825,DeagleBeagle's Beagle Battles Champion Team,,Ryan Schambers,,,,Iron Ball,,,Choice Specs,,,Choice Band,,,Aguav Berry,,,Twisted Spoon,,,Life Orb,,https://pokepast.es/6f74e0c6c403e6a7,Yes,Owner's,X,None,3 Feb 2023,Beagle Battles B4 Orlando,Champion,https://twitter.com/Powersmurf007/status/1621415862053007361,https://pastebin.com/vD54BU64,https://play.limitlesstcg.com/tournament/63d8667931c92b05d27e717c/standings,Powersmurf007,,Armarouge,Torkoal,Mudsdale,Indeedee-F,Gothitelle,Hatterene
824,Gawhota's Iron Thorns And Iron Treads Team,,Shu Suezaki,,,,Life Orb,,,Choice Band,,,Eviolite,,,Assault Vest,,,Focus Sash,,,Booster Energy,,https://pokepast.es/dee60021b957206c,Yes,Extracted,X,None,3 Feb 2023,-,-,https://twitter.com/Gawhota/status/1621512802056937475,https://www.youtube.com/watch?v=Kf88lMB8epw,-,Gawhota,,Rotom-Heat,Iron Thorns,Murkrow,Iron Treads,Flutter Mane,Roaring Moon
823,Matte's Early Season Rank 43 Team,,Mattias Olsson,,,,Booster Energy,,,Sitrus Berry,,,Focus Sash,,,Assault Vest,,,Safety Goggles,,,Life Orb,,https://pokepast.es/984f3fc8091f6d34,Yes,Owner's,✔,GT2OLQ,3 Feb 2023,Battle Stadium,43th,https://twitter.com/olssonmattev/status/1621595097757548544,-,-,olssonmattev,,Iron Bundle,Amoonguss,Glimmora,Iron Hands,Mimikyu,Hydreigon
822,anboxing's Trick Room Terrains Team,,anboxing,,,,Sitrus Berry,,,Life Orb,,,Magnet,,,Punching Glove,,,Psychic Seed,,,Focus Sash,,https://pokepast.es/91299ac16a8d260b,Yes,Owner's,✔,TST79L,3 Feb 2023,Tweet,-,https://twitter.com/anboxing11/status/1621598856591949824,-,-,anboxing11,,Armarouge,Arboliva,Pincurchin,Iron Hands,Indeedee-F,Maushold
821,Mayburn's Helping Hands #3 Champion Team,,Josua Marbun,,,,Booster Energy,,,Leftovers,,,Choice Scarf,,,Sitrus Berry,,,Assault Vest,,,Choice Specs,,https://pokepast.es/142aa15e813df35b,Yes,Owner's,✔,D2H9WC,5 Feb 2023,Helping Hands #3,Champion,https://twitter.com/JosMarbun/status/1622075749346983937,https://battlefy.com/helping-hands-tournaments/helping-hands-biweekly-3/63c9b3ac83efa418dbd414ba/stage/63c9b3cc9076086943ec11e4/results,https://battlefy.com/helping-hands-tournaments/helping-hands-biweekly-3/63c9b3ac83efa418dbd414ba/stage/63c9b3dd3563b765dc8adcf7/results,JosMarbun,,Iron Moth,Dondozo,Tatsugiri,Brute Bonnet,Iron Hands,Flutter Mane
820,Magnetman's Sandy Shocks Team,,Adryan Sutantoso,,,,Booster Energy,,,Covert Cloak,,,Life Orb,,,Sitrus Berry,,,Assault Vest,,,Focus Sash,,https://pokepast.es/fab7497fd2ae352c,Yes,Owner's,✔,K3CMTL,5 Feb 2023,Tweet,-,https://twitter.com/MagnetmanVGC/status/1622088045091782657,https://www.youtube.com/watch?v=K0M-tMV8ARE,-,MagnetmanVGC,,Iron Moth,Gastrodon,Sandy Shocks,Indeedee-F,Kingambit,Flutter Mane
819,PokeReplaysVGC's London Corviknights Tour Team,,Adam Wright,,,,Safety Goggles,,,Booster Energy,,,Rocky Helmet,,,Leftovers,,,Assault Vest,,,Focus Sash,,https://pokepast.es/089984d7fcbf58b3,No,Owner's,X,None,5 Feb 2023,London Corviknights Bochum Prep Tour,60th,https://twitter.com/pokereplaysvgc/status/1622155569032208385?s=46&t=qX3xvO6jyYU8oUliHKr5Tg,https://play.limitlesstcg.com/tournament/63d2e31b31c92b05d27e4220/standings,-,pokereplaysvgc,,Arcanine,Iron Bundle,Amoonguss,Garganacl,Iron Hands,Flutter Mane
818,Koloflame's Orlando Regionals Team,,Kent Karslioglu,,,,Sitrus Berry,,,Covert Cloak,,,Focus Sash,,,Booster Energy,,,Light Clay,,,Clear Amulet,,https://pokepast.es/48248a0d9eb5e61d,Yes,Owner's,✔,VD4Y4S,6 Feb 2023,Orlando Regionals,-,https://twitter.com/koloflame/status/1622379985494212611?s=46&t=lciLXa0M-nd6iVP_yPz-mA,https://pbs.twimg.com/media/FoPZ_5KXgAEk1wQ?format=jpg&name=large,-,koloflame,,Arcanine,Talonflame,Meowscarada,Iron Hands,Grimmsnarl,Baxcalibur
817,TalonMasterJ's Orlando Regionals Team,,Joe Carlino,,,,Covert Cloak,,,Leftovers,,,Safety Goggles,,,Life Orb,,,Focus Sash,,,Booster Energy,,https://pokepast.es/6267303d44fdd492,No,Owner's,✔,OYBVTC,6 Feb 2023,Orlando Regionals,-,https://twitter.com/joecarlino14/status/1622451470590435330?s=20&t=u47aCVoz9-zPx-FLxUNHQw,https://pbs.twimg.com/media/FoQbAzFWIAIpaSD?format=png&name=small,-,joecarlino14,,Armarouge,Brute Bonnet,Farigiraf,Gholdengo,Flutter Mane,Roaring Moon
816,db's Orlando Regionals Team,,Dong Bo,,,,Weakness Policy,,,Safety Goggles,,,Rocky Helmet,,,Assault Vest,,,Focus Sash,,,Scope Lens,,https://pokepast.es/ec65618bbb619fe8,Yes,Owner's,✔,X5K2X3,7 Feb 2023,Orlando Regionals,-,https://twitter.com/dblouisdb/status/1622782290613919744,https://pbs.twimg.com/media/FoVH5KPXsAEhePm?format=jpg&name=large,-,dblouisdb,,Coalossal,Tauros-Paldea-Aqua,Amoonguss,Iron Hands,Dragapult,Hydreigon
815,PlebDoctor's Perish Trap Team,,PlebDoctor,,,,Safety Goggles,,,Mental Herb,,,Assault Vest,,,Sitrus Berry,,,Focus Sash,,,Life Orb,,https://pokepast.es/e9b740cc5ed393a2,Yes,Owner's,X,None,8 Feb 2023,Discord,-,Submitted in Discord,-,-,Manual Entry,,Arcanine,Amoonguss,Iron Hands,Gothitelle,Flutter Mane,Mimikyu
814,"WeedleTwineedle's ""Airbender"" Team",,WeedleTwineedle,,,,Eject Pack,,,Choice Band,,,Covert Cloak,,,Magnet,,,Weakness Policy,,,Life Orb,,https://pokepast.es/85e951f0715169b4,Yes,Owner's,✔,FGT7P5,10 Feb 2023,Tweet,-,https://twitter.com/WeedleTwineedle/status/1624123314913280007,https://www.youtube.com/watch?v=LmX1gk-pFfw,-,WeedleTwineedle,,Torkoal,Brambleghast,Jumpluff,Kilowattrel,Great Tusk,Flutter Mane
813,Dot's Taltusk Team,,Magvgc,,,,Sharp Beak,,,Choice Scarf,,,Black Sludge,,,Leftovers,,,Choice Band,,,Assault Vest,,https://pokepast.es/83987a9221a70797,Yes,Owner's,X,None,11 Feb 2023,Tweet,-,https://twitter.com/Magvgc/status/1624227945253425154,-,-,Magvgc,,Talonflame,Iron Bundle,Amoonguss,Garganacl,Great Tusk,Iron Hands
812,Ralfdude's Flutter Mane And Misdreavus Team,,Paul Ruiz,,,,Charcoal,,,Sitrus Berry,,,Eviolite,,,Safety Goggles,,,Choice Specs,,,Booster Energy,,https://pokepast.es/be7fd779ab9a4fcb,Yes,Owner's,✔,M66C4V,10 Feb 2023,Tweet,-,https://twitter.com/ralfdude90/status/1624141794932887556,https://www.youtube.com/watch?v=yeVsSLkdUxo,-,ralfdude90,,Torkoal,Iron Hands,Misdreavus,Maushold-Four,Flutter Mane,Roaring Moon
811,Chompy's PokemonBFL Rank 6 Team,,Chompy,,,,Leftovers,,,Clear Amulet,,,Room Service,,,Assault Vest,,,Black Glasses,,,Focus Sash,,https://pokepast.es/ddad99fd86a98f4d,Yes,Owner's,✔,7Y9210,12 Feb 2023,PokemonBFL,6th,https://twitter.com/ChompyGM_/status/1624872753328267266?s=20&t=nwstsNW3Ppcxmoh2kJED8w,https://www.youtube.com/watch?v=CJFlVsDM5yE,-,ChompyGM_,,Volcarona,Gyarados,Amoonguss,Iron Hands,Kingambit,Flutter Mane
810,anboxing's Iron Thorns Team,,anboxing,,,,Sitrus Berry,,,Assault Vest,,,Life Orb,,,Psychic Seed,,,Focus Sash,,,Light Clay,,https://pokepast.es/d014ed8f71b0572d,Yes,Owner's,✔,FMDJGV,13 Feb 2023,Tweet,-,https://twitter.com/anboxing11/status/1625165680323469319/photo/1,-,-,anboxing11,,Armarouge,Iron Thorns,Annihilape,Indeedee-F,Maushold,Grimmsnarl
809,Scarlet Skill's Rose Tower 2023 Opening Tour Champion,,Dylan Salvanera,,,,Mirror Herb,,,Focus Sash,,,Sitrus Berry,,,Assault Vest,,,Loaded Dice,,,Booster Energy,,https://pokepast.es/3012c1a0eb74d6db,No,Extracted,X,None,12 Feb 2023,Rose Tower #1,Champion,https://twitter.com/scarlet_skill/status/1624837907323269120/photo/1,https://play.limitlesstcg.com/tournament/rose-tower-opening-23/standings,-,scarlet_skill,,Tauros-Paldea-Blaze,Iron Bundle,Amoonguss,Sandy Shocks,Baxcalibur,Roaring Moon
808,Sole Survivor's Top 500 Showdown Team,,Sole Survivor,,,,Focus Sash,,,Loaded Dice,,,Sitrus Berry,,,Covert Cloak,,,Life Orb,,,Booster Energy,,https://pokepast.es/81b9d662c0771c2d,Yes,Owner's,✔,RP19G9,13 Feb 2023,Showdown Ladder,Top 500,https://twitter.com/solesurvivorvgc/status/1625218361406660608,-,-,solesurvivorvgc,,Iron Bundle,Brute Bonnet,Iron Hands,Gholdengo,Flutter Mane,Roaring Moon
807,Almonds' OCIC Swiss Practice,,Aidan Graham,,,,Safety Goggles,,,Covert Cloak,,,Assault Vest,,,Life Orb,,,Focus Sash,,,Light Clay,,https://pokepast.es/01c463d4bbe03ebc,Yes,Owner's,✔,R4C413,12 Feb 2023,OCIC Swiss Practice,Top 8,https://twitter.com/AlmondsVGC/status/1624646860681134080?t=QP1gW-xSMDF9A-7H48F2nQ&s=19,https://play.limitlesstcg.com/tournament/63ddfe93c745f505d3fc9384/standings,-,AlmondsVGC,,Arcanine,Gastrodon-East,Iron Hands,Gholdengo,Flutter Mane,Grimmsnarl
806,Magnetman's Rain Magnet Team,,Adryan Sutantoso,,,,Mystic Water,,,Focus Sash,,,Rocky Helmet,,,Booster Energy,,,Choice Specs,,,Life Orb,,https://pokepast.es/a65f2692af1ab47a,Yes,Owner's,✔,S1FP24,15 Feb 2023,Tweet,-,https://twitter.com/MagnetmanVGC/status/1625836439169826817,-,-,MagnetmanVGC,,Palafin,Pelipper,Amoonguss,Iron Jugulis,Magnezone,Mimikyu
804,Achang's Rank 10 Zoroark Team,,Jin Zhiyu,,,,Booster Energy,,,Leftovers,,,Focus Sash,,,Sitrus Berry,,,Life Orb,,,Loaded Dice,,https://pokepast.es/27e0114b81f89c0b,Yes,Extracted,✔,BBV0WB,14 Feb 2023,Battle Stadium,10th,https://twitter.com/AchangVgc/status/1625432015565885441,-,-,AchangVgc,,Sandy Shocks,Garganacl,Zoroark,Scizor,Mimikyu,Baxcalibur
803,Kae-ru's Battle Stadium Rank 1 Team,,Hirofumi Kimura,,,,Weakness Policy,,,Booster Energy,,,Focus Sash,,,Safety Goggles,,,Chople Berry,,,Assault Vest,,https://pokepast.es/1fa383d17b0afac9,Yes,Extracted,✔,3QFS29,13 Feb 2023,Battle Stadium,1st,https://twitter.com/hirosipoke/status/1625147103092826113,https://youtu.be/dZkh4gjgSgo,-,hirosipoke,,Armarouge,Iron Bundle,Great Tusk,Indeedee-F,Kingambit,Dragonite
802,Vio's VR to Melbourne Team,,Jonas Nienhüser,,,,Sitrus Berry,,,Focus Sash,,,Clear Amulet,,,Assault Vest,,,Life Orb,,,Throat Spray,,https://pokepast.es/a2107e07868e9ec5,Yes,Owner's,✔,326Q1V,4 Feb 2023,VR to Melbourne,-,https://twitter.com/viophoenixvgc/status/1621905521711226888,https://victoryroadvgc.com/vr-road-melbourne-2023/,-,viophoenixvgc,,Arcanine,Iron Bundle,Great Tusk,Iron Hands,Gholdengo,Sylveon
801,Jacob's BeanieBrawl Top 8 Team,,Jacob Burkett,,,,Booster Energy,,,Leftovers,,,Choice Scarf,,,Sitrus Berry,,,Assault Vest,,,Focus Sash,,https://pokepast.es/e186d1fbc5173ab2,Yes,Owner's,X,None,2 Feb 2023,Wooper #4,Top 8,https://twitter.com/JacobB220/status/1621161251073306624,https://play.limitlesstcg.com/tournament/63d5fa0631c92b05d27e62bf/standings,-,JacobB220,,Iron Moth,Dondozo,Tatsugiri,Brute Bonnet,Iron Hands,Flutter Mane
799,Thiagol's VR to Melbourne Champion,,Thiago Lattanzi,,,,Leftovers,,,Booster Energy,,,Focus Sash,,,Assault Vest,,,Psychic Seed,,,Life Orb,,https://pokepast.es/d4e6dca4cb2adf31,No,Extracted,X,None,5 Feb 2023,VR to Melbourne,Champion,https://twitter.com/VGCVictoryRoad/status/1622181405571665920,https://victoryroadvgc.com/vr-road-melbourne-2023/,-,vovomaxben10,,Armarouge,Iron Bundle,Tauros-Paldea-Aqua,Brute Bonnet,Indeedee-F,Gholdengo
798,200Candies' VR to Melbourne Runner Up Team,,Joel Bergman,,,,Focus Sash,,,Covert Cloak,,,Leftovers,,,Assault Vest,,,Life Orb,,,Booster Energy,,https://pokepast.es/9dd42c0c1d5fd9b8,No,Owner's,X,None,5 Feb 2023,VR to Melbourne,Runner Up,https://twitter.com/VGCVictoryRoad/status/1622181405571665920,https://victoryroadvgc.com/vr-road-melbourne-2023/,-,joeltube,,Iron Bundle,Amoonguss,Garganacl,Iron Hands,Mimikyu,Roaring Moon
797,Puddin's VR to Melbourne Top 4 Team,,Paky Esposito,,,,Safety Goggles,,,Sitrus Berry,,,Room Service,,,Assault Vest,,,Life Orb,,,Booster Energy,,https://pokepast.es/76124837cd2064d3,Yes,Extracted,✔,97SRHF,5 Feb 2023,VR to Melbourne,Top 4,https://twitter.com/PuddinVGC/status/1622181058732081152,https://victoryroadvgc.com/vr-road-melbourne-2023/,-,PuddinVGC,,Arcanine,Iron Bundle,Amoonguss,Iron Hands,Flutter Mane,Roaring Moon
796,Reki's VR to Melbourne Top 8 Team,,Iker Rodrigo,,,,Sitrus Berry,,,Covert Cloak,,,Rocky Helmet,,,Leftovers,,,Booster Energy,,,Light Clay,,https://pokepast.es/3b2540595951cd34,Yes,Owner's,✔,1LS7CX,5 Feb 2023,VR to Melbourne,Top 8,https://twitter.com/RekiVGC/status/1622162670978727936,https://victoryroadvgc.com/vr-road-melbourne-2023/,-,RekiVGC,,Arcanine,Gastrodon-East,Amoonguss,Annihilape,Flutter Mane,Grimmsnarl
795,Phatrick's VR to Melbourne Top 8 Team,,Patrick Dawson,,,,Life Orb,,,Focus Sash,,,Assault Vest,,,Psychic Seed,,,Sitrus Berry,,,Booster Energy,,https://pokepast.es/46ea4ae2aba0fb33,Yes,Extracted,✔,9LDD6L,5 Feb 2023,VR to Melbourne,Top 8,https://twitter.com/PhatrickDawson/status/1622190313727983616,https://victoryroadvgc.com/vr-road-melbourne-2023/,-,PhatrickDawson,,Armarouge,Iron Bundle,Iron Hands,Indeedee-F,Orthworm,Roaring Moon
794,Lele_Briganti's VR to Melbourne Top 16 Team,,Emanuele Briganti,,,,Safety Goggles,,,Focus Sash,,,Covert Cloak,,,Leftovers,,,Sitrus Berry,,,Booster Energy,,https://pokepast.es/643c5687fc9a9d98,Yes,Owner's,✔,SM6W0S,5 Feb 2023,VR to Melbourne,Top 16,https://twitter.com/Lele_Briganti/status/1622274790701821952,https://victoryroadvgc.com/vr-road-melbourne-2023/,-,Lele_Briganti,,Arcanine,Iron Bundle,Amoonguss,Garganacl,Iron Hands,Roaring Moon
793,Animus' Orlando Regionals Top 16 Team,,Kyle Livinghouse,,,,Leftovers,,,Booster Energy,,,Focus Sash,,,Safety Goggles,,,Covert Cloak,,,Assault Vest,,https://pokepast.es/aa3e5e3130df875c,Yes,Owner's,✔,Q9MNKL,11 Feb 2023,Orlando Regionals,Top 16,https://twitter.com/AnimusVGC/status/1624510563177971713,https://youtu.be/ojhfSND5DnA,https://victoryroadvgc.com/vr-road-melbourne-2023/,AnimusVGC,,Volcarona,Iron Bundle,Great Tusk,Maushold-Four,Gholdengo,Dragonite
792,Drewby's Orlando Regionals 57th Place Team,,Andrew Michalowski,,,,Assault Vest,,,Rocky Helmet,,,Booster Energy,,,Sitrus Berry,,,Covert Cloak,,,Light Clay,,https://pokepast.es/1d3060c00b4ed24d,Yes,Owner's,✔,56MSL7,8 Feb 2023,Orlando Regionals,57th,https://twitter.com/Drewby_39/status/1623375505612279825,https://youtu.be/TPdOF4ka7RU,-,Drewby_39,,Arcanine,Amoonguss,Sandy Shocks,Iron Hands,Gholdengo,Grimmsnarl
791,Pokésports' Orlando Regionals 65th Place Team,,Pokésports,,,,Weakness Policy,,,Charcoal,,,Loaded Dice,,,Clear Amulet,,,Safety Goggles,,,Focus Sash,,https://pokepast.es/750198c1ac9c61a0,Yes,Owner's,✔,T9HTK7,5 Feb 2023,Orlando Regionals,65th,https://twitter.com/PokesportsPod/status/1622355955131244546,https://victoryroadvgc.com/vr-road-melbourne-2023/,-,PokesportsPod,,Armarouge,Torkoal,Brute Bonnet,Great Tusk,Indeedee-F,Flutter Mane
790,Dominique's Orlando Regionals 96th Place Team,,Dominique Johnson,,,,Safety Goggles,,,Expert Belt,,,Covert Cloak,,,Sitrus Berry,,,Kasib Berry,,,Booster Energy,,https://pokepast.es/d2cdc253644a0941,Yes,Extracted,✔,YXQ68J,5 Feb 2023,Orlando Regionals,96th,https://twitter.com/_deoem_/status/1622244474670702594,https://victoryroadvgc.com/vr-road-melbourne-2023/,-,_deoem_,,Arcanine,Iron Bundle,Amoonguss,Iron Hands,Gothitelle,Roaring Moon
789,NHoff's Orlando Regionals 115th Place Team,,Ana Hoffman,,,,Charcoal,,,Sitrus Berry,,,Assault Vest,,,Life Orb,,,Focus Sash,,,Booster Energy,,https://pokepast.es/1dfd170766877926,Yes,Owner's,✔,H5KDVK,6 Feb 2023,Orlando Regionals,Top 128,https://twitter.com/GoddessNHoff/status/1622528097307312128,https://victoryroadvgc.com/vr-road-melbourne-2023/,-,GoddessNHoff,,Torkoal,Amoonguss,Brute Bonnet,Flutter Mane,Hatterene,Roaring Moon
788,Professor Ragna's Orlando Regionals 120th Place Team,,Jourdan Bul-lalayao,,,,Safety Goggles,,,Booster Energy,,,Sitrus Berry,,,Focus Sash,,,Expert Belt,,,Life Orb,,https://pokepast.es/e74bce0daa5d49e5,Yes,Owner's,✔,JYLS53,5 Feb 2023,Orlando Regionals,Top 128,https://twitter.com/professorragna/status/1622334625820409856,https://victoryroadvgc.com/vr-road-melbourne-2023/,-,professorragna,,Arcanine,Iron Bundle,Amoonguss,Great Tusk,Flutter Mane,Dragonite
787,No Data's Orlando Regionals 121st Place Team,,No Data,,,,Booster Energy,,,Leftovers,,,Focus Sash,,,Assault Vest,,,Choice Specs,,,Choice Band,,https://pokepast.es/aa7d165206068a9e,Yes,Owner's,✔,5XRKJ4,11 Feb 2023,Orlando Regionals,Top 128,https://twitter.com/H_JA49/status/1624488056991662080,https://victoryroadvgc.com/vr-road-melbourne-2023/,-,H_JA49,,Iron Moth,Dondozo,Tatsugiri,Kingambit,Flutter Mane,Dragonite
786,SableyeVGC's Orlando Regionals 127th Place Team,,Ryan Loseto,,,,Leftovers,,,Covert Cloak,,,Focus Sash,,,Rocky Helmet,,,Sitrus Berry,,,Booster Energy,,https://pokepast.es/825cefb36ba4dcf9,Yes,Owner's,✔,T6J17C,6 Feb 2023,Orlando Regionals,Top 128,https://twitter.com/SableyeVGC/status/1622619308668125184,https://victoryroadvgc.com/vr-road-melbourne-2023/,-,SableyeVGC,,Volcarona,Gastrodon-East,Iron Bundle,Amoonguss,Iron Hands,Roaring Moon
785,PokeReplaysVGC's These Hands Top 8 Team,,Adam Wright,,,,Safety Goggles,,,Booster Energy,,,Rocky Helmet,,,Leftovers,,,Assault Vest,,,Focus Sash,,https://pokepast.es/76ce2b6e85554eb6,Yes,Extracted,✔,4D241Q,5 Feb 2023,These Hands #2,Top 8,https://twitter.com/PokeReplaysVGC/status/1622333979662721031,https://play.limitlesstcg.com/tournament/63c712e1f61c172bc031cd19/standings,-,PokeReplaysVGC,,Arcanine,Iron Bundle,Amoonguss,Garganacl,Iron Hands,Flutter Mane
784,HardFreaQ's Grimmsnarl Team,,Miguel Rebelo,,,,Life Orb,,,Focus Sash,,,Rocky Helmet,,,Leftovers,,,Light Clay,,,Assault Vest,,https://pokepast.es/d5372243cb05523c,Yes,Owner's,✔,05FTTL,9 Feb 2023,Tweet,-,https://twitter.com/HQvgc/status/1623505719117942786,-,-,HQvgc,,Armarouge,Iron Bundle,Amoonguss,Annihilape,Grimmsnarl,Hydreigon
783,Juvenile's Philippines Local Champion Team,,Robin Calderon,,,,Weakness Policy,,,Choice Scarf,,,Assault Vest,,,Psychic Seed,,,Throat Spray,,,Booster Energy,,https://pokepast.es/b8a13b27ef155f99,Yes,Owner's,✔,DMQ2JL,8 Feb 2023,Treasures and Titans,Champion,https://twitter.com/JuvenileProd/status/1623628990425726976,-,-,JuvenileProd,,Armarouge,Iron Bundle,Iron Hands,Indeedee-F,Sylveon,Roaring Moon
782,Nigel's Philippines Local Runner Up Team,,Nigel Descalzo,,,,Covert Cloak,,,Booster Energy,,,Choice Specs,,,Focus Sash,,,Assault Vest,,,Life Orb,,https://pokepast.es/42c21833d2cb3ae1,Yes,Owner's,✔,QV9C5G,8 Feb 2023,Treasures and Titans,Runner Up,https://twitter.com/nigooxd/status/1623305800021319680,https://youtu.be/RqqF9g2xtBM,-,nigooxd,,Talonflame,Iron Bundle,Glimmora,Great Tusk,Kingambit,Flutter Mane
781,Riczi's Battle Stadium Top 100 Team,,Riczi,,,,Mirror Herb,,,Booster Energy,,,Sitrus Berry,,,Aguav Berry,,,Covert Cloak,,,Focus Sash,,https://pokepast.es/064a3eb330b5e648,Yes,Extracted,✔,4V7R8D,8 Feb 2023,Battle Stadium,Top 100,https://twitter.com/Riczi2k/status/1623485470482092033,-,-,Riczi2k,,Tauros-Paldea-Blaze,Iron Bundle,Brute Bonnet,Garganacl,Scizor,Flutter Mane
780,Tom's Druddigon Cup #2 10th Place Team,,Cheung Man Fung,,,,Booster Energy,,,Covert Cloak,,,Loaded Dice,,,Clear Amulet,,,Focus Sash,,,Razor Claw,,https://pokepast.es/5a4889c143adefa3,Yes,Owner's,✔,DL0LP1,11 Feb 2023,Druddigon Cup #2,10th,https://twitter.com/tomcheung22/status/1624407842173366274,https://playpokemonhk.org/2023/02/12/1dcpcth4_result/,-,tomcheung22,,Iron Moth,Lumineon,Gogoat,Iron Treads,Flutter Mane,Salamence
779,Derith96's Early Season Snow Team,,Teemu Mankinen,,,,Weakness Policy,,,Booster Energy,,,Assault Vest,,,Choice Scarf,,,Colbur Berry,,,Focus Sash,,https://pokepast.es/1e9ae4c5458b1afb,No,Extracted,X,None,29 Jan 2023,Tweet,-,https://twitter.com/Derith96/status/1619713452876111872,-,-,Derith96,,Armarouge,Iron Bundle,Abomasnow,Great Tusk,Indeedee-F,Flutter Mane
778,CandyVGC's Teru Challenge #14 Top 16 Team,,Kandai Nagatome,,,,Safety Goggles,,,Mystic Water,,,Mental Herb,,,Sitrus Berry,,,Focus Sash,,,Booster Energy,,https://pokepast.es/24deec4586d1aca6,No,Extracted,X,None,11 Feb 2023,Teru Challenge #14,Top 16,https://twitter.com/CandyVGC/status/1624393169554243586,-,-,CandyVGC,,Arcanine,Palafin,Amoonguss,Gothitelle,Flutter Mane,Scream Tail
777,ck49's Orlando Regionals Top 16 Team,,Aditya Subramanian,,,,Safety Goggles,,,Booster Energy,,,Sitrus Berry,,,Clear Amulet,,,Leftovers,,,Focus Sash,,https://pokepast.es/00a243486434470c,Yes,Owner's,✔,FG6SWV,9 Feb 2023,Orlando Regionals,Top 16,https://twitter.com/adisubra/status/1623737898427158529,https://youtu.be/AtpuZTzUPwQ,https://victoryroadvgc.com/2023-orlando/,adisubra,,Arcanine,Iron Bundle,Amoonguss,Iron Hands,Gothitelle,Flutter Mane
776,Striider's Orlando Regionals Top 32 Team,,Marcus Dion,,,,Safety Goggles,,,Mystic Water,,,Sitrus Berry,,,Assault Vest,,,Leftovers,,,Focus Sash,,https://pokepast.es/9db1963459bbe57e,Yes,Owner's,X,None,9 Feb 2023,Orlando Regionals,Top 32,https://twitter.com/StriiderPKMN/status/1623771288358514692,https://youtu.be/6QwsCd9PZJU,https://victoryroadvgc.com/2023-orlando/,StriiderPKMN,,Arcanine,Palafin,Amoonguss,Iron Hands,Gothitelle,Flutter Mane
775,Wolfey's Orlando Regionals Champion Team,,Wolfe Glick,,,,Safety Goggles,,,Mystic Water,,,Mental Herb,,,Sitrus Berry,,,Focus Sash,,,Booster Energy,,https://pokepast.es/24deec4586d1aca6,Yes,Extracted,X,None,5 Feb 2023,Orlando Regionals,Champion,https://twitter.com/WolfeyGlick/status/1622330806738817025,https://youtu.be/s6qK5QpzOb4,https://victoryroadvgc.com/2023-orlando/,WolfeyGlick,,Arcanine,Palafin,Amoonguss,Gothitelle,Flutter Mane,Scream Tail
774,Freezai's Orlando Regionals Top 32 Team,,Bhushan Thumsi,,,,Focus Sash,,,Leftovers,,,Choice Scarf,,,Lum Berry,,,Safety Goggles,,,Life Orb,,https://pokepast.es/d545318bfd9485e2,Yes,Extracted,✔,B24FRQ,8 Feb 2023,Orlando Regionals,Top 32,https://twitter.com/freezaiYT/status/1623293473657958403,https://youtu.be/9linMWq--ww,https://victoryroadvgc.com/2023-orlando/,freezaiYT,,Volcarona,Dondozo,Tatsugiri,Annihilape,Maushold,Flutter Mane
773,tsltang0508's Orlando Regionals Top 32 Team,,Tang Shiliang,,,,Sitrus Berry,,,Leftovers,,,Choice Scarf,,,Loaded Dice,,,Assault Vest,,,Focus Sash,,https://pokepast.es/af515613486f4b65,Yes,Owner's,✔,RG1H4Q,6 Feb 2023,Orlando Regionals,Top 32,https://twitter.com/tsltang0508/status/1622759668173922310,https://victoryroadvgc.com/2023-orlando/,-,tsltang0508,,Volcarona,Dondozo,Tatsugiri,Brute Bonnet,Kingambit,Flutter Mane
772,realbmorebrass' Orlando Regionals Top 32 Team,,Max Gelman,,,,Aguav Berry,,,Sitrus Berry,,,Booster Energy,,,Assault Vest,,,Focus Sash,,,Life Orb,,https://pokepast.es/54d9a1a14241dbf4,Yes,Extracted,✔,RR8WKS,5 Feb 2023,Orlando Regionals,Top 32,https://twitter.com/BrassVGC/status/1622257510554996736,https://victoryroadvgc.com/2023-orlando/,-,BrassVGC,,Arcanine,Amoonguss,Sandy Shocks,Iron Hands,Espathra,Flutter Mane
771,bsmiffy's Orlando Regionals Top 32 Team,,Brady Smith,,,,Focus Sash,,,Leftovers,,,Assault Vest,,,Sitrus Berry,,,Life Orb,,,Choice Band,,https://pokepast.es/b672974a84215e0d,Yes,Owner's,X,None,5 Feb 2023,Orlando Regionals,Top 32,https://twitter.com/bsmiffy_/status/1622298097400389632,https://victoryroadvgc.com/2023-orlando/,-,bsmiffy_,,Iron Bundle,Garganacl,Iron Hands,Gothitelle,Flutter Mane,Dragonite
770,Kaneoji's Orlando Regionals Senior Champion Team,,Joshua R.,,,,Life Orb,,,Booster Energy,,,Loaded Dice,,,Assault Vest,,,Psychic Seed,,,Focus Sash,,https://pokepast.es/cc8a8fb1dd7190d0,Yes,Extracted,✔,HH725M,5 Feb 2023,Orlando Regionals Senior,Champion,https://twitter.com/Kaneojii/status/1622320990771466244,https://rk9.gg/pairings/h7kIYruNMePQMy4UZkMj,-,Kaneojii,,Armarouge,Iron Bundle,Brute Bonnet,Iron Hands,Indeedee-F,Flutter Mane
769,Squish's  Orlando Regionals 37th Place Team,,Austin Forcinito,,,,Covert Cloak,,,Leftovers,,,Choice Scarf,,,Focus Sash,,,Life Orb,,,Choice Specs,,https://pokepast.es/735da47282b84e0f,Yes,Owner's,✔,DR6C15,5 Feb 2023,Orlando Regionals,37th,https://twitter.com/SirSquishi/status/1622476111115419648,https://victoryroadvgc.com/2023-orlando/,-,SirSquishi,,Talonflame,Dondozo,Tatsugiri,Pawmot,Great Tusk,Flutter Mane
768,Kurry's Orlando Regionals 39th Place Team,,Mohammed Faizan,,,,Life Orb,,,Charcoal,,,Sitrus Berry,,,Booster Energy,,,Leftovers,,,Focus Sash,,https://pokepast.es/3949c112b3600128,Yes,Extracted,✔,KQ9VT1,5 Feb 2023,Orlando Regionals,39th,https://twitter.com/KurryCurry/status/1622118439836942338,https://victoryroadvgc.com/2023-orlando/,-,KurryCurry,,Armarouge,Torkoal,Amoonguss,Iron Hands,Ditto,Indeedee-F
767,Latsu7's Beanie Brawl #2 Top 16 Team,,Lauri Halonen,,,,Weakness Policy,,,Leftovers,,,Booster Energy,,,Choice Scarf,,,Assault Vest,,,Focus Sash,,https://pokepast.es/3c9aa7678873fc54,No,Extracted,X,None,30 Jan 2023,Beanie Brawl #2,Top 16,https://twitter.com/Latsu7/status/1619753019419287552,-,-,Latsu7,,Armarouge,Dondozo,Iron Bundle,Tatsugiri,Abomasnow,Indeedee-F
766,Hoej's Early Season Rank 1 Team,,Frederik Høj Nielsen,,,,Assault Vest,,,Booster Energy,,,Sitrus Berry,,,Focus Sash,,,Safety Goggles,,,Life Orb,,https://pokepast.es/233132a501264a23,Yes,Owner's,X,None,6 Feb 2023,Battle Stadium,1st,https://twitter.com/Hoej_Hs/status/1622694911777640458,https://youtu.be/k_3f2FyUrZs,-,Hoej_Hs,,Arcanine,Iron Bundle,Annihilape,Great Tusk,Maushold,Flutter Mane
765,Achang's Early Season Rank 1 Team,,Jin Zhiyu,,,,Booster Energy,,,Leftovers,,,Choice Scarf,,,Focus Sash,,,Assault Vest,,,Life Orb,,https://pokepast.es/539fa0d3978ca6d7,Yes,Extracted,✔,6NRQCJ,4 Feb 2023,Battle Stadium,1st,https://twitter.com/AchangVgc/status/1621809011397128192,-,-,AchangVgc,,Iron Moth,Dondozo,Tatsugiri-Stretchy,Glimmora,Kingambit,Flutter Mane
764,Skraw's Early Season Rank 1 Past Paradox Team,,Jacob Mortenson,,,,Charcoal,,,Loaded Dice,,,Focus Sash,,,Assault Vest,,,Covert Cloak,,,Booster Energy,,https://pokepast.es/063608c47aa0979b,Yes,Owner's,X,None,1 Feb 2023,Battle Stadium,1st,https://twitter.com/JacobSkraw/status/1620664645534232576,-,-,JacobSkraw,,Torkoal,Brute Bonnet,Great Tusk,Slither Wing,Scream Tail,Roaring Moon
763,Wolfey's Early Season Rank 1 Stream Team,,Wolfe Glick,,,,Weakness Policy,,,Choice Scarf,,,Safety Goggles,,,Roseli Berry,,,Clear Amulet,,,Throat Spray,,https://pokepast.es/abb6722aab3b17ae,Yes,Extracted,✔,5KWLX3,1 Feb 2023,Battle Stadium,1st,https://twitter.com/WolfeyGlick/status/1620676745061093376,-,-,WolfeyGlick,,Armarouge,Staraptor,Tyranitar,Sableye,Scizor,Sylveon
762,ToppoWoppo's Early Season Rank 1 Team,,ToppoWoppo,,,,Life Orb,,,Choice Specs,,,Loaded Dice,,,Booster Energy,,,Safety Goggles,,,Focus Sash,,https://pokepast.es/5dee0d81a5726e67,Yes,Owner's,✔,GNYJ61,1 Feb 2023,Battle Stadium,1st,https://twitter.com/ToppoWoppo/status/1620653947118841856,-,-,ToppoWoppo,,Armarouge,Torkoal,Brute Bonnet,Iron Hands,Indeedee-F,Rabsca
761,SoulSur's Early Season Rank 12 Team,,Jeudy Azzarelli,,,,Safety Goggles,,,Damp Rock,,,Sitrus Berry,,,Lum Berry,,,Booster Energy,,,Life Orb,,https://pokepast.es/40ff91576259c81c,No,Extracted,X,None,1 Feb 2023,Tweet,-,https://twitter.com/SoulSurVGC/status/1620682427277647872,-,-,SoulSurVGC,,Palafin,Pelipper,Amoonguss,Iron Hands,Iron Jugulis,Mimikyu
760,Canary255's Paradox Pairs Team,,Ismael Aarab Umpiérrez,,,,Flame Orb,,,Sitrus Berry,,,Booster Energy,,,Eviolite,,,Focus Sash,,,Safety Goggles,,https://pokepast.es/ea962ea29b0360ae,Yes,Owner's,X,None,1 Feb 2023,Tweet,-,https://twitter.com/Canary255/status/1620920820758462465,-,-,Canary255,,Hariyama,Iron Hands,Iron Jugulis,Misdreavus,Flutter Mane,Hydreigon
759,Magnetman's Goodstuff Team,,Adryan Sutantoso,,,,Safety Goggles,,,Focus Sash,,,Rocky Helmet,,,Assault Vest,,,Throat Spray,,,Booster Energy,,https://pokepast.es/d4c287e816924625,Yes,Owner's,✔,N899TY,1 Feb 2023,Tweet,-,https://twitter.com/MagnetmanVGC/status/1620685955475832832,-,-,MagnetmanVGC,,Arcanine,Iron Bundle,Amoonguss,Iron Hands,Sylveon,Roaring Moon
758,Knuckles' Palermo Local Champion Team,,Giuseppe Cangemi,,,,Booster Energy,,,Leftovers,,,Focus Sash,,,Assault Vest,,,Choice Specs,,,Choice Band,,https://pokepast.es/0397c395858f2b01,Yes,Extracted,✔,YRDS0K,31 Jan 2023,Palermo Local,Champion,https://twitter.com/knuckles_super/status/1620451925450956802,-,-,knuckles_super,,Iron Moth,Dondozo,Tatsugiri-Stretchy,Kingambit,Flutter Mane,Dragonite
757,JaiDonkin's Meowscarada Challenge #2 Champion Team,,Javier Figueroa,,,,Sitrus Berry,,,Booster Energy,,,Focus Sash,,,Choice Scarf,,,Assault Vest,,,Safety Goggles,,https://pokepast.es/c79c5300c091b295,Yes,Extracted,✔,C8CK4N,29 Jan 2023,Meowscarada #2,Champion,https://twitter.com/DonkinDo/status/1619876338411925505,https://play.limitlesstcg.com/tournament/63c9ffaaf61c172bc031e0fe/standings,-,DonkinDo,,Arcanine,Iron Bundle,Abomasnow,Great Tusk,Iron Hands,Dragalge
756,Mati's Meowscarada Challenge #2 Top 8 Team,,Mati,,,,Covert Cloak,,,Booster Energy,,,Loaded Dice,,,Focus Sash,,,Life Orb,,,Assault Vest,,https://pokepast.es/08dfe40f4a383c27,Yes,Owner's,X,None,30 Jan 2023,Meowscarada #2,Top 8,https://twitter.com/otroMati/status/1619875132335620096,https://play.limitlesstcg.com/tournament/63c9ffaaf61c172bc031e0fe/standings,-,otroMati,,Talonflame,Iron Bundle,Brute Bonnet,Great Tusk,Gholdengo,Dragonite
755,Xeno's Hatterene SV #1 Champion Team,,Eden Batchelor,,,,Sitrus Berry,,,Booster Energy,,,Leftovers,,,Assault Vest,,,Focus Sash,,,Loaded Dice,,https://pokepast.es/3f869a0e256926ca,Yes,Extracted,✔,NV9BKL,30 Jan 2023,Hatterene SV #1,Champion,https://twitter.com/xenovgc/status/1619826233671569414,https://youtu.be/nHUzgD9LOBA,https://victoryroadvgc.com/hatterene-series-sv1/,xenovgc,,Arcanine,Iron Bundle,Garganacl,Iron Hands,Flutter Mane,Baxcalibur
754,Yoshiandlugia's Hatterene SV #1 Runner Up Team,,Fiona Szymkiewicz,,,,Leftovers,,,Mirror Herb,,,Covert Cloak,,,Assault Vest,,,Booster Energy,,,Loaded Dice,,https://pokepast.es/adc3c3f4bb42038e,Yes,Extracted,✔,PF11CQ,30 Jan 2023,Hatterene SV #1,Runner Up,https://twitter.com/yoshiandlugia/status/1619873608016498688,https://victoryroadvgc.com/hatterene-series-sv1/,-,yoshiandlugia,,Skeledirge,Tauros-Paldea-Aqua,Amoonguss,Kingambit,Flutter Mane,Baxcalibur
753,ZeldaVox's Hatterene SV #1 Top 4 Team,,Jake Rosen,,,,Life Orb,,,Focus Sash,,,Sitrus Berry,,,Booster Energy,,,Covert Cloak,,,Assault Vest,,https://pokepast.es/41b8a5d0c8110ca0,Yes,Owner's,✔,43JP9D,6 Feb 2023,Hatterene SV #1,Top 4,https://twitter.com/ZeldaVox/status/1622617834260946953,https://victoryroadvgc.com/hatterene-series-sv1/,-,ZeldaVox,,Talonflame,Iron Bundle,Tsareena,Sandy Shocks,Espathra,Hydreigon
752,PinkSylvie's Hatterene SV #1 Top 8 Team,,Meghan Hyman,,,,Sitrus Berry,,,Focus Sash,,,Psychic Seed,,,Safety Goggles,,,Life Orb,,,Booster Energy,,https://pokepast.es/19fb02f8f63bcb65,Yes,Owner's,X,None,5 Feb 2023,Hatterene SV #1,Top 8,https://twitter.com/pinkysylvie/status/1622284465362845697,https://victoryroadvgc.com/hatterene-series-sv1/,-,pinkysylvie,,Arcanine,Iron Bundle,Iron Hands,Indeedee-F,Gholdengo,Roaring Moon
751,Clementine's Hatterene SV #1 Top 8 Team,,Clementine,,,,Sitrus Berry,,,Life Orb,,,Focus Sash,,,Choice Scarf,,,Assault Vest,,,Safety Goggles,,https://pokepast.es/0f447961be5243cc,Yes,Owner's,✔,R7SJ6Q,29 Jan 2023,Hatterene SV #1,Top 8,https://twitter.com/krangune/status/1619770279185743873,https://victoryroadvgc.com/hatterene-series-sv1/,-,krangune,,Arcanine,Floatzel,Pelipper,Rotom-Mow,Great Tusk,Kingambit
750,Setsuku's Hatterene SV #1 Top 16 Team,,Zhou XinJie,,,,Weakness Policy,,,Safety Goggles,,,Covert Cloak,,,Assault Vest,,,Focus Sash,,,Scope Lens,,https://pokepast.es/7adc81166151529f,Yes,Owner's,✔,09R407,30 Jan 2023,Hatterene SV #1,Top 16,https://twitter.com/genrayz/status/1619756874978721792,https://victoryroadvgc.com/hatterene-series-sv1/,-,genrayz,,Coalossal,Tauros-Paldea-Aqua,Brute Bonnet,Iron Hands,Dragapult,Hydreigon
749,Araluwen's Hatterene SV #1 Top 16 Team,,Pros Leerman,,,,Charcoal,,,Life Orb,,,Room Service,,,Psychic Seed,,,Safety Goggles,,,Focus Sash,,https://pokepast.es/5c1278085e336512,Yes,Extracted,✔,32L2VC,29 Jan 2023,Hatterene SV #1,Top 16,https://twitter.com/Araluwen/status/1619838600698531840,https://victoryroadvgc.com/hatterene-series-sv1/,-,Araluwen,,Torkoal,Arboliva,Great Tusk,Indeedee-F,Oranguru,Hatterene
748,Sandzi's Sand Team,,Purin Charoenkeskul,,,,Safety Goggles,,,Covert Cloak,,,Assault Vest,,,Focus Sash,,,Clear Amulet,,,Choice Specs,,https://pokepast.es/4ad2f9296d4ee5c8,Yes,Owner's,✔,G02D1V,30 Jan 2023,Tweet,-,https://twitter.com/SandziVGC/status/1619836781901520896,-,-,SandziVGC,,Arcanine,Iron Bundle,Iron Hands,Lycanroc,Tyranitar,Flutter Mane
747,pat_con5's Wide League #3 Champion Team,,Patrick Connors,,,,Sitrus Berry,,,Leftovers,,,Focus Sash,,,Loaded Dice,,,Booster Energy,,,Safety Goggles,,https://pokepast.es/43826d55decc3f4c,No,Extracted,X,None,29 Jan 2023,Wide League #3,Champion,https://twitter.com/pat_con5/status/1619757736207724544,https://play.limitlesstcg.com/tournament/63cebafcf61c172bc031ff08/standings,-,pat_con5,,Arcanine,Dondozo,Tatsugiri,Brute Bonnet,Iron Hands,Gothitelle
746,maGicaUra's Wide League #3 Runner Up Team,,Jude Lee,,,,Safety Goggles,,,Focus Sash,,,Room Service,,,Assault Vest,,,Life Orb,,,Loaded Dice,,https://pokepast.es/62e0ef32b0dfce34,No,Extracted,X,None,29 Jan 2023,Wide League #3,Runner Up,https://twitter.com/TheWideLeague/status/1620480107684167680,https://play.limitlesstcg.com/tournament/63cebafcf61c172bc031ff08/standings,-,maGicaUraVGC,,Volcarona,Iron Bundle,Amoonguss,Iron Hands,Mimikyu,Baxcalibur
745,Piku's Wide League #3 Top 8 Team,,Piku,,,,Booster Energy,,,Figy Berry,,,Leftovers,,,Assault Vest,,,Safety Goggles,,,Clear Amulet,,https://pokepast.es/2b5e47ca95333518,No,Extracted,X,None,1 Feb 2023,Wide League #3,Top 8,https://twitter.com/pikuchanneru/status/1620803233802514438,https://youtu.be/rQ-FC-lxN7M,https://play.limitlesstcg.com/tournament/63cebafcf61c172bc031ff08/standings,pikuchanneru,,Iron Moth,Amoonguss,Annihilape,Tyranitar,Indeedee-F,Baxcalibur
744,Winterknight's Wide League #3 Top 16 Team,,Winterknight,,,,Booster Energy,,,Covert Cloak,,,Assault Vest,,,Throat Spray,,,Choice Specs,,,Clear Amulet,,https://pokepast.es/4f11e7f95f7913b6,Yes,Owner's,✔,DGBWRQ,30 Jan 2023,Wide League #3,Top 16,https://twitter.com/winterknight87/status/1619834848105082881?s=46&t=lwdbBwRCHngRgoshOUD38w,https://play.limitlesstcg.com/tournament/63cebafcf61c172bc031ff08/standings,-,winterknight87,,Iron Moth,Gastrodon,Iron Hands,Farigiraf,Flutter Mane,Roaring Moon
742,7illo's Helping Hands #3 Champion Team,,Alberto Ríos,,,,Weakness Policy,,,Clear Amulet,,,Safety Goggles,,,Coba Berry,,,Assault Vest,,,Colbur Berry,,https://pokepast.es/a6f52a0864cc75fb,No,Extracted,X,None,28 Jan 2023,Helping Hands #3,Champion,https://twitter.com/alber7illo/status/1619486834941370369,https://play.limitlesstcg.com/tournament/63b4c2befa281305be50efbd/standings,-,alber7illo,,Armarouge,Volcarona,Gastrodon,Amoonguss,Iron Hands,Indeedee-F
741,RakeyVGC's Helping Hands #3 Top 4 Team,,Boris Hamm,,,,Life Orb,,,Charcoal,,,Sitrus Berry,,,Clear Amulet,,,Safety Goggles,,,Focus Sash,,https://pokepast.es/fdd051e6fd7a62a0,Yes,Owner's,✔,MVWTP1,30 Jan 2023,Helping Hands #3,Top 4,https://twitter.com/RakeyVGC/status/1619806704895680512,https://play.limitlesstcg.com/tournament/63b4c2befa281305be50efbd/standings,-,RakeyVGC,,Armarouge,Torkoal,Brute Bonnet,Great Tusk,Indeedee-F,Flutter Mane
740,barudoru's Scizor Sandy Shocks Team,,Ryota Otsubo,,,,Covert Cloak,,,Sitrus Berry,,,Booster Energy,,,Eviolite,,,Assault Vest,,,Focus Sash,,https://pokepast.es/59a1e9e298ed52f5,Yes,Extracted,✔,5TCML3,28 Jan 2023,Tweet,-,https://twitter.com/barudoru/status/1619198732079357952,https://www.youtube.com/live/IE5Y7pNEkcE?feature=share,-,barudoru,,Tauros-Paldea-Blaze,Brute Bonnet,Sandy Shocks,Murkrow,Scizor,Flutter Mane
739,Liberty Note's Series 2 Snow Sample Team,,Liberty Note,,,,Booster Energy,,,Focus Sash,,,Assault Vest,,,Sitrus Berry,,,Choice Specs,,,Choice Band,,https://pokepast.es/c48c7e8eb743a18c,Yes,Extracted,✔,DMF2JQ,28 Jan 2023,Tweet,-,https://twitter.com/_Liberty_Note/status/1619297827431276545,https://liberty-note.com/2023/01/28/rentalteams-sv-series2/,-,_Liberty_Note,,Iron Moth,Iron Bundle,Abomasnow,Brute Bonnet,Flutter Mane,Dragonite
738,Liberty Note's Series 2 Drought Sample Team,,Liberty Note,,,,Choice Specs,,,Sitrus Berry,,,Choice Scarf,,,Assault Vest,,,Babiri Berry,,,Life Orb,,https://pokepast.es/a889eadb3bc5d5ba,Yes,Extracted,✔,2R919L,28 Jan 2023,Tweet,-,https://twitter.com/_Liberty_Note/status/1619297827431276545,https://liberty-note.com/2023/01/28/rentalteams-sv-series2/,-,_Liberty_Note,,Torkoal,Brute Bonnet,Annihilape,Iron Hands,Scream Tail,Sylveon
737,Liberty Note's Series 2 Dondozo Sample Team,,Liberty Note,,,,Booster Energy,,,Leftovers,,,Focus Sash,,,Assault Vest,,,Choice Specs,,,Choice Band,,https://pokepast.es/368a79955c934f16,Yes,Extracted,✔,MNL2MS,28 Jan 2023,Tweet,-,https://twitter.com/_Liberty_Note/status/1619297827431276545,https://liberty-note.com/2023/01/28/rentalteams-sv-series2/,-,_Liberty_Note,,Iron Moth,Dondozo,Tatsugiri-Stretchy,Kingambit,Flutter Mane,Dragonite
736,Maeve's Gabby's Mini Local Winning Team,,Maeve O'Rourke,,,,Mystic Water,,,Focus Sash,,,Sitrus Berry,,,Assault Vest,,,Life Orb,,,Safety Goggles,,https://pokepast.es/c4960e864324398d,No,Extracted,X,None,28 Jan 2023,Gabby's Local #1,Winner,https://twitter.com/MaeveODork/status/1619378027028422656,-,-,MaeveODork,,Palafin,Pelipper,Amoonguss,Iron Hands,Iron Jugulis,Tinkaton
735,Spurrific's Nino FF64 Champion Team,,Justin Burns,,,,Safety Goggles,,,Mystic Water,,,Mental Herb,,,Assault Vest,,,Sitrus Berry,,,Focus Sash,,https://pokepast.es/c4d3d5e32b3b04e3,Yes,Owner's,✔,XJJGGR,27 Jan 2023,Nino FF64,Champion,https://twitter.com/JustMrBurns/status/1619249036141404160,https://play.limitlesstcg.com/tournament/ninopokebros-ff-64/standings,-,JustMrBurns,,Arcanine,Palafin,Amoonguss,Iron Hands,Gothitelle,Flutter Mane
734,Torviv's Nino FF64 Runner Up Team,,Víctor Medina,,,,Booster Energy,,,Leftovers,,,Choice Scarf,,,Sitrus Berry,,,Assault Vest,,,Choice Specs,,https://pokepast.es/2c08b02d0fe1fd0f,No,Extracted,X,None,27 Jan 2023,Nino FF64,Runner Up,https://twitter.com/TorvivVGC/status/1619256045951660033,https://play.limitlesstcg.com/tournament/ninopokebros-ff-64/standings,-,TorvivVGC,,Iron Moth,Dondozo,Tatsugiri,Brute Bonnet,Iron Hands,Flutter Mane
733,Wilfire70's Nino FF64 Top 4 Team,,Kevin Salvetto,,,,Safety Goggles,,,Focus Sash,,,Covert Cloak,,,Leftovers,,,Sitrus Berry,,,Booster Energy,,https://pokepast.es/5d08e6f5e66baaad,No,Extracted,X,None,27 Jan 2023,Nino FF64,Top 4,https://twitter.com/ninopokebros/status/1619449031683633152,https://play.limitlesstcg.com/tournament/ninopokebros-ff-64/standings,-,Wilfire70,,Arcanine,Iron Bundle,Amoonguss,Garganacl,Iron Hands,Roaring Moon
732,mangiapapaveri's Nino FF64 Top 4 Team,,Riccardo Minardi,,,,Charcoal,,,Leftovers,,,Assault Vest,,,Safety Goggles,,,Mental Herb,,,Focus Sash,,https://pokepast.es/293dd4535d00ed8f,No,Extracted,X,None,27 Jan 2023,Nino FF64,Top 4,https://twitter.com/ninopokebros/status/1619449031683633152,https://play.limitlesstcg.com/tournament/ninopokebros-ff-64/standings,-,mangiapapaveri,,Torkoal,Annihilape,Iron Hands,Maushold,Farigiraf,Flutter Mane
731,Yamid's Nino FF64 Top 8 Team,,Yamid Rodriguez,,,,Safety Goggles,,,Choice Scarf,,,Life Orb,,,Assault Vest,,,Throat Spray,,,Booster Energy,,https://pokepast.es/7392cbb43222c66c,Yes,Extracted,✔,5GYJFW,29 Jan 2023,Nino FF64,Top 8,https://twitter.com/DrVGC/status/1619463364140482561,https://play.limitlesstcg.com/tournament/ninopokebros-ff-64/standings,-,DrVGC,,Tauros-Paldea-Blaze,Iron Bundle,Sandy Shocks,Kingambit,Sylveon,Roaring Moon
730,Rey's Nino FF64 Top 32 Team,,Reynord González,,,,Weakness Policy,,,Choice Scarf,,,Damp Rock,,,Sitrus Berry,,,Psychic Seed,,,Assault Vest,,https://pokepast.es/2fb555725c8ec863,Yes,Extracted,✔,0T7SB4,28 Jan 2023,Nino FF64,Top 32,https://twitter.com/reynordvgc/status/1619206722920542208,https://play.limitlesstcg.com/tournament/ninopokebros-ff-64/standings,-,reynordvgc,,Armarouge,Palafin,Pelipper,Amoonguss,Indeedee-F,Kingambit
728,THATSAplusONE's Nino FF64 Team,,Phillip Wingett,,,,Choice Specs,,,Covert Cloak,,,Choice Scarf,,,Wide Lens,,,Sitrus Berry,,,Focus Sash,,https://pokepast.es/f63fcb4a86473081,No,Extracted,X,None,29 Jan 2023,Nino FF64,52nd,https://twitter.com/thatsaplusone/status/1619387059898306560?s=46&t=WBL1a3l7T3_gHo4iel67dQ,https://play.limitlesstcg.com/tournament/ninopokebros-ff-64/standings,-,thatsaplusone,,Torkoal,Lilligant,Annihilape,Maushold,Farigiraf,Hatterene
727,Atmosphere's Avaddov Tour #1 Champion Team,,Nathaniel Sitler,,,,Safety Goggles,,,Assault Vest,,,Focus Sash,,,Leftovers,,,Psychic Seed,,,Booster Energy,,https://pokepast.es/b9ad44790317c851,No,Extracted,X,None,26 Jan 2023,Avaddov #1,Champion,https://twitter.com/atmospherevgc/status/1618787204352077825?s=46&t=yGBk7VOohyEh4Y32D1lxdQ,https://play.limitlesstcg.com/tournament/63c0a871fa281305be51278d/standings,-,atmospherevgc,,Armarouge,Iron Bundle,Abomasnow,Annihilape,Indeedee-F,Roaring Moon
726,Daniele's Avaddov Tour #1 Runner Up Team,,Daniele Fanelli,,,,Assault Vest,,,Expert Belt,,,Covert Cloak,,,Sitrus Berry,,,Safety Goggles,,,Razor Claw,,https://pokepast.es/18736ef8e45fc277,No,Extracted,X,None,26 Jan 2023,Avaddov #1,Runner Up,https://twitter.com/Avaddov/status/1619374167320821760,https://play.limitlesstcg.com/tournament/63c0a871fa281305be51278d/standings,-,Daniele0504,,Arcanine,Gastrodon,Amoonguss,Iron Hands,Gothitelle,Hydreigon
725,DeagleBeagle's DuranzTV #7 Champion Team,,Ryan Schambers,,,,Life Orb,,,Booster Energy,,,Assault Vest,,,Psychic Seed,,,Mental Herb,,,Choice Specs,,https://pokepast.es/af74f6ce2d0b352e,Yes,Owner's,✔,BGHJ6J,29 Jan 2023,DuranzTV #7,Champion,https://twitter.com/powersmurf007/status/1619564188892041218,https://twitter.com/Powersmurf007/status/1619572624547545088,https://play.limitlesstcg.com/tournament/63cf4004f61c172bc03201f0/standings,powersmurf007,,Talonflame,Sandy Shocks,Tyranitar,Indeedee-F,Maushold,Flutter Mane
724,Kosta's Wooper #3 Champion Team,,Kosta Kalamaris,,,,Rocky Helmet,,,Focus Sash,,,Booster Energy,,,Leftovers,,,Life Orb,,,Loaded Dice,,https://pokepast.es/e7a43635a89d58d7,Yes,Extracted,✔,Y0PRPH,27 Jan 2023,Wooper #3,Champion,https://twitter.com/KostaKalamaris/status/1618666456602009600,https://play.limitlesstcg.com/tournament/wooper-wednesdays-3/standings,-,KostaKalamaris,,Volcarona,Meowscarada,Sandy Shocks,Garganacl,Mimikyu,Baxcalibur
723,Ryan's Wooper #3 Runner Up Team,,Sie Meng-Ru,,,,Focus Sash,,,Covert Cloak,,,Life Orb,,,Sitrus Berry,,,Assault Vest,,,Babiri Berry,,https://pokepast.es/849f7a0c5cf03b04,No,Extracted,X,None,26 Jan 2023,Wooper #3,Runner Up,https://twitter.com/thatguyinabeani/status/1618818159620026370,https://play.limitlesstcg.com/tournament/wooper-wednesdays-3/standings,-,hopeguitar526,,Iron Bundle,Amoonguss,Sandy Shocks,Gothitelle,Kingambit,Scream Tail
722,Alchem1st's Wooper #3 Top 4 Team,,Jairo Contreras,,,,Life Orb,,,Booster Energy,,,Expert Belt,,,Assault Vest,,,Focus Sash,,,Choice Band,,https://pokepast.es/9f0e3143328f33eb,No,Extracted,X,None,26 Jan 2023,Wooper #3,Top 4,https://twitter.com/Alchem1stX/status/1618516700777041920,https://play.limitlesstcg.com/tournament/wooper-wednesdays-3/standings,-,Alchem1stX,,Arcanine,Iron Bundle,Sandy Shocks,Scizor,Flutter Mane,Dragonite
721,EcuaDude's Wooper #3 Top 4 Team,,Galo Orbea,,,,Safety Goggles,,,Covert Cloak,,,Focus Sash,,,Sitrus Berry,,,Assault Vest,,,Throat Spray,,https://pokepast.es/efe1b96b1a601fc0,No,Extracted,X,None,26 Jan 2023,Wooper #3,Top 4,https://twitter.com/thatguyinabeani/status/1618818159620026370,https://play.limitlesstcg.com/tournament/wooper-wednesdays-3/standings,-,Ecua_Dude,,Arcanine,Skeledirge,Iron Bundle,Amoonguss,Iron Hands,Sylveon
720,ShoVasquez's LiliKoal Hyper Offense Team,,Esteban Vásquez,,,,Sitrus Berry,,,Choice Specs,,,Leftovers,,,Covert Cloak,,,Focus Sash,,,Clear Amulet,,https://pokepast.es/9df34877f4326a5d,Yes,Owner's,✔,XHKCWL,26 Jan 2023,Tweet,-,https://twitter.com/ShoVasquez/status/1618423098931580929,-,-,ShoVasquez,,Arcanine,Torkoal,Amoonguss,Lilligant,Flutter Mane,Roaring Moon
719,ShoVasquez's Sun Room Team,,Esteban Vásquez,,,,Charcoal,,,Assault Vest,,,Sitrus Berry,,,Safety Goggles,,,Focus Sash,,,Clear Amulet,,https://pokepast.es/d22e101242cfbef7,Yes,Owner's,✔,NCWTRL,26 Jan 2023,Tweet,-,https://twitter.com/ShoVasquez/status/1618423098931580929,-,-,ShoVasquez,,Torkoal,Iron Hands,Maushold-Four,Oranguru,Flutter Mane,Garchomp
716,Andre's Farigiraf Team,,Andre,,,,Sitrus Berry,,,Focus Sash,,,Covert Cloak,,,Assault Vest,,,Throat Spray,,,Booster Energy,,https://pokepast.es/1f303c8138ee15ab,Yes,Owner's,✔,MLMHW4 ,25 Jan 2023,Discord,-,Submitted in Discord,-,-,Manual Entry,,Arcanine,Iron Bundle,Amoonguss,Iron Hands,Farigiraf,Roaring Moon
715,Liakos' Mt Silver #2 Champion Team,,Ilias Roufogalis,,,,Safety Goggles,,,Sitrus Berry,,,Rocky Helmet,,,Leftovers,,,Assault Vest,,,Focus Sash,,https://pokepast.es/d65d7e69a48e32a6,No,Extracted,X,None,25 Jan 2023,Mt Silver #2,Champion,https://twitter.com/LiakosRfg/status/1618625893437698049,https://play.limitlesstcg.com/tournament/63d0e399f61c172bc0320cbf/standings,-,LiakosRfg,,Volcarona,Rotom-Wash,Amoonguss,Garganacl,Iron Hands,Flutter Mane
714,PqlarBear's Tommy's Practice Tour #5 Winning Team,,Giovanni Cischke,,,,Figy Berry,,,Covert Cloak,,,Sitrus Berry,,,Assault Vest,,,Choice Specs,,,Booster Energy,,https://pokepast.es/e040e5a44c144680,No,Extracted,X,None,24 Jan 2023,Tommy #5,Winner,https://twitter.com/TomHayden27/status/1618104072976101377?s=20&t=EQaw7TEJq-23o5_mD0M78Q,https://play.limitlesstcg.com/tournament/63c76ea9f61c172bc031d251/standings,-,PqlarBear,,Arcanine,Iron Bundle,Amoonguss,Great Tusk,Gholdengo,Roaring Moon
713,Thiagol's PokeVillage Tour #4 Champion Team,,Thiago Lattanzi,,,,Leftovers,,,Booster Energy,,,Focus Sash,,,Psychic Seed,,,Eviolite,,,Life Orb,,https://pokepast.es/4dcec437e24cbc9b,No,Extracted,X,None,22 Jan 2023,PokeVillage #4,Champion,https://play.limitlesstcg.com/tournament/63c19f70fa281305be512ad4/standings,https://play.limitlesstcg.com/tournament/63c19f70fa281305be512ad4/standings,-,vovomaxben10,,Armarouge,Iron Bundle,Tauros-Paldea-Aqua,Indeedee-F,Murkrow,Gholdengo
712,Alchem1st's PokeVillage Tour #4 Top 8 Team,,Jairo Contreras,,,,Life Orb,,,Booster Energy,,,Expert Belt,,,Assault Vest,,,Focus Sash,,,Choice Band,,https://pokepast.es/ddf9b33999be6c1e,No,Extracted,X,None,22 Jan 2023,PokeVillage #4,Top 8,https://twitter.com/Alchem1stX/status/1617490372216725506,https://play.limitlesstcg.com/tournament/63c19f70fa281305be512ad4/standings,-,Alchem1stX,,Arcanine,Iron Bundle,Sandy Shocks,Scizor,Flutter Mane,Dragonite
711,Bryan's PokeVillage Tour #4 Top 16 Team,,Bryan Kim,,,,Safety Goggles,,,Choice Specs,,,Focus Sash,,,Assault Vest,,,Life Orb,,,Booster Energy,,https://pokepast.es/ede36017e7ad63a1,Yes,Owner's,✔,CW7DSS,22 Jan 2023,PokeVillage #4,Top 16,https://twitter.com/aberenvgc/status/1617403516666155008,https://play.limitlesstcg.com/tournament/63c19f70fa281305be512ad4/standings,-,aberenvgc,,Arcanine,Iron Bundle,Abomasnow,Great Tusk,Gholdengo,Roaring Moon
710,Alvin's Tommy's Practice Tour #4 Champion Team,,Alvin Rambano,,,,Life Orb,,,Assault Vest,,,Rocky Helmet,,,Wide Lens,,,Eviolite,,,Booster Energy,,https://pokepast.es/2bd1ac31b1fd8feb,No,Extracted,X,None,22 Jan 2023,Tommy Tour #4,Champion,https://twitter.com/AlvinRambano/status/1619686368392937472,https://play.limitlesstcg.com/tournament/63c9e2acf61c172bc031df73/standings,-,AlvinRambano,,Armarouge,Great Tusk,Indeedee-F,Maushold,Murkrow,Flutter Mane
709,MoxieBoosted's Iron Thorns Team,,Marcos Perez,,,,Covert Cloak,,,Rocky Helmet,,,Loaded Dice,,,Mental Herb,,,Throat Spray,,,Booster Energy,,https://pokepast.es/7258cadfac732a94,Yes,Extracted,✔,DQXPTC,22 Jan 2023,Youtube,-,https://youtu.be/mC8lvp0OpyM,-,-,moxieboosted,,Arcanine,Amoonguss,Iron Thorns,Mimikyu,Sylveon,Roaring Moon
708,Lab's Showdown Top 250 Team Ver 2,,Lab,,,,Booster Energy,,,Sitrus Berry,,,Assault Vest,,,Covert Cloak,,,Focus Sash,,,Scope Lens,,https://pokepast.es/677a2538315377e7,Yes,Extracted,X,None,21 Jan 2023,Showdown Ladder,Top 250,https://twitter.com/lab_5310/status/1616712587114319872,https://namonaki-kuukan4.hatenablog.com/entry/2023/01/21/165108,-,lab_5310,,Iron Moth,Gastrodon-East,Iron Hands,Corviknight,Flutter Mane,Hydreigon
707,Lab's Showdown Top 250 Team Ver 1,,Lab,,,,Booster Energy,,,Sitrus Berry,,,Scope Lens,,,Covert Cloak,,,Focus Sash,,,Assault Vest,,https://pokepast.es/4cb242ed670660db,Yes,Extracted,X,None,21 Jan 2023,Showdown Ladder,Top 250,https://twitter.com/lab_5310/status/1616712587114319872,https://namonaki-kuukan4.hatenablog.com/entry/2023/01/21/165108,-,lab_5310,,Iron Moth,Gastrodon-East,Iron Hands,Corviknight,Flutter Mane,Hydreigon
701,Ally's Nino FF63 Champion Team,,Will Scully,,,,Assault Vest,,,Covert Cloak,,,Sitrus Berry,,,Safety Goggles,,,Light Clay,,,Throat Spray,,https://pokepast.es/1a29087637c0db1a,Yes,Owner's,✔,DXS73M,21 Jan 2023,Nino FF63,Champion,https://twitter.com/AllyVGC/status/1618655127543418880,https://docs.google.com/document/d/1h7AXuRs9LtbIll_9Xd0hRvlVdqNmKCb5YI80X9abbsM/edit,https://play.limitlesstcg.com/tournament/63c22357fa281305be513557/standings,AllyVGC,,Arcanine,Gastrodon-East,Iron Hands,Corviknight,Grimmsnarl,Sylveon
700,Watrr's Nino FF63 Runner Up Team,,Watrr,,,,Life Orb,,,Leftovers,,,Booster Energy,,,Sitrus Berry,,,Psychic Seed,,,Focus Sash,,https://pokepast.es/6700d0421cfcc391,No,Owner's,X,None,21 Jan 2023,Nino FF63,Runner Up,https://twitter.com/akawatrr/status/1617024366172311552,https://play.limitlesstcg.com/tournament/63c22357fa281305be513557/standings,-,akawatrr,,Armarouge,Dondozo,Iron Bundle,Tatsugiri-Stretchy,Indeedee-F,Flutter Mane
699,Kendi's Nino FF63 Top 4 Team,,Irwin Soriano,,,,Safety Goggles,,,Focus Sash,,,Sitrus Berry,,,Assault Vest,,,Life Orb,,,Booster Energy,,https://pokepast.es/278bb231e33931cd,No,Extracted,X,None,21 Jan 2023,Nino FF63,Top 4,https://twitter.com/ninopokebros/status/1617492352163057667,https://play.limitlesstcg.com/tournament/63c22357fa281305be513557/standings,-,IrwinSoriano,,Arcanine,Iron Bundle,Amoonguss,Iron Hands,Gholdengo,Roaring Moon
698,rotomotorz's Nino FF63 Top 4 Team,,rotomotorz,,,,Sharp Beak,,,Life Orb,,,Booster Energy,,,Safety Goggles,,,Choice Specs,,,Assault Vest,,https://pokepast.es/9a9c41e6521fd5ac,No,Extracted,X,None,21 Jan 2023,Nino FF63,Top 4,https://twitter.com/ninopokebros/status/1617492352163057667,https://play.limitlesstcg.com/tournament/63c22357fa281305be513557/standings,-,rotomotorz,,Talonflame,Brute Bonnet,Sandy Shocks,Farigiraf,Gholdengo,Hydreigon
697,SanderVGC's Nino FF63 Top 16 Team,,Sander Tiggelman,,,,Sitrus Berry,,,Focus Sash,,,Covert Cloak,,,Assault Vest,,,Life Orb,,,Booster Energy,,https://pokepast.es/800f2a3bc561f066,No,Owner's,X,None,23 Jan 2023,Nino FF63,Top 16,https://twitter.com/sandervgc/status/1617512995378331653,https://play.limitlesstcg.com/tournament/63c22357fa281305be513557/standings,-,sandervgc,,Arcanine,Iron Bundle,Amoonguss,Iron Hands,Gholdengo,Roaring Moon
696,SnoSan's Nino FF63 Top 16 Team,,SnoSan,,,,Safety Goggles,,,Leftovers,,,Choice Scarf,,,Throat Spray,,,Focus Sash,,,Covert Cloak,,https://pokepast.es/7601d878022a6f18,No,Extracted,X,None,23 Jan 2023,Nino FF63,Top 16,https://twitter.com/snosan1/status/1617499700667748355,https://play.limitlesstcg.com/tournament/63c22357fa281305be513557/standings,-,snosan1,,Rotom-Heat,Gastrodon,Great Tusk,Farigiraf,Flutter Mane,Salamence
695,GrandmasCookin's Nino FF63 Top 32 Team,,Matthew Warren,,,,Focus Sash,,,Covert Cloak,,,Leftovers,,,Assault Vest,,,Booster Energy,,,Life Orb,,https://pokepast.es/0ecceb5a319c0b15,Yes,Owner's,✔,12NJCC,26 Jan 2023,Nino FF63,Top 32,https://twitter.com/GrandmasCookin_/status/1618702608503562242,https://play.limitlesstcg.com/tournament/63c22357fa281305be513557/standings,-,GrandmasCookin_,,Salazzle,Amoonguss,Garganacl,Iron Hands,Flutter Mane,Roaring Moon
694,XeolnorzVGC's Nino FF63 Top 32 Team,,Lorenzo Brilli,,,,Safety Goggles,,,Covert Cloak,,,Assault Vest,,,Sitrus Berry,,,Focus Sash,,,Booster Energy,,https://pokepast.es/d321ce3e41f7481b,No,Owner's,X,None,22 Jan 2023,Nino FF63,Top 32,https://twitter.com/brilli_lorenzo/status/1617215916432842752,https://play.limitlesstcg.com/tournament/63c22357fa281305be513557/standings,-,brilli_lorenzo,,Arcanine,Amoonguss,Iron Hands,Gothitelle,Flutter Mane,Roaring Moon
693,RakeyVGC's Nino FF63 61st Place Team,,Boris Hamm,,,,Life Orb,,,Charcoal,,,Loaded Dice,,,Clear Amulet,,,Safety Goggles,,,Focus Sash,,https://pokepast.es/c20d3ed3c6a26215,Yes,Owner's,X,4063BW,22 Jan 2023,Nino FF63,61st,https://twitter.com/rakeyvgc/status/1617107756300865537,https://play.limitlesstcg.com/tournament/63c22357fa281305be513557/standings,-,rakeyvgc,,Armarouge,Torkoal,Brute Bonnet,Great Tusk,Indeedee-F,Flutter Mane
692,NocturneofShadow's SD Room Tour Winning Team,,NocturneofShadow,,,,Eject Pack,,,Zoom Lens,,,Assault Vest,,,Choice Specs,,,Booster Energy,,,Safety Goggles,,https://pokepast.es/8e39c7275224b631,Yes,Owner's,X,None,19 Jan 2023,Discord,-,Submitted in Discord,-,-,Manual Entry,,Salazzle,Gastrodon,Kingambit,Flutter Mane,Roaring Moon,Salamence
691,Ggjeed's Oakville Local #2 Top 4 Team,,Jamison F,,,,Covert Cloak,,,Choice Scarf,,,Assault Vest,,,Life Orb,,,Air Balloon,,,Booster Energy,,https://pokepast.es/db81d94bdca06e97,Yes,Extracted,✔,9BC3JD,21 Jan 2023,Oakville #2,Top 4,https://twitter.com/Ggjeed/status/1616995014722162689,https://twitter.com/Toronto_VGC/status/1616974607025577984,-,Ggjeed,,Arcanine,Iron Bundle,Great Tusk,Gholdengo,Tinkaton,Roaring Moon
690,JoeUX9's Wooper #2 Champion Team,,Joseph Ugarte,,,,Sitrus Berry,,,Booster Energy,,,Focus Sash,,,Leftovers,,,Assault Vest,,,Life Orb,,https://pokepast.es/527800117e630afe,No,Extracted,X,None,19 Jan 2023,Wooper #2,Champion,https://twitter.com/JoeUX9/status/1615987133868609538,https://play.limitlesstcg.com/tournament/63b61bfcfa281305be50f804/standings,https://twitter.com/thatguyinabeani/status/1616179396557029398,JoeUX9,,Arcanine,Iron Bundle,Meowscarada,Garganacl,Iron Hands,Mimikyu
689,AricB's Wooper #2 Runner Up Team,,Eric Bartlett,,,,Mystic Water,,,Safety Goggles,,,Sitrus Berry,,,Assault Vest,,,Life Orb,,,Booster Energy,,https://pokepast.es/25ce380bfcc2c735,No,Extracted,X,None,19 Jan 2023,Wooper #2,Runner Up,https://twitter.com/aricbartleti/status/1615986166108459008,https://play.limitlesstcg.com/tournament/63b61bfcfa281305be50f804/standings,https://twitter.com/thatguyinabeani/status/1616179396557029398,aricbartleti,,Palafin,Pelipper,Amoonguss,Iron Hands,Gholdengo,Flutter Mane
688,Hobbit's Wooper #2 Top 4 Team,,Henry Rich,,,,Safety Goggles,,,Focus Sash,,,Sitrus Berry,,,Assault Vest,,,Throat Spray,,,Booster Energy,,https://pokepast.es/95a3d4ff03bd9840,No,Extracted,X,None,19 Jan 2023,Wooper #2,Top 4,https://twitter.com/thatguyinabeani/status/1616179396557029398,https://play.limitlesstcg.com/tournament/63b61bfcfa281305be50f804/standings,-,HobbitVGC,,Arcanine,Iron Bundle,Amoonguss,Iron Hands,Farigiraf,Roaring Moon
687,BigMikeOG's Wooper #2 Top 4 Team,,Michael Spinetta-McCarthy,,,,Safety Goggles,,,Life Orb,,,Sitrus Berry,,,Booster Energy,,,Assault Vest,,,Throat Spray,,https://pokepast.es/2c49104d909b7c2b,No,Extracted,X,None,19 Jan 2023,Wooper #2,Top 4,https://twitter.com/thatguyinabeani/status/1616179396557029398,https://play.limitlesstcg.com/tournament/63b61bfcfa281305be50f804/standings,-,GAZ_BIGMIKEOG,,Talonflame,Iron Bundle,Amoonguss,Great Tusk,Tyranitar,Sylveon
686,SteelTrainer's Wooper #2 Team,,SteelTrainer,,,,Sitrus Berry,,,Covert Cloak,,,Rocky Helmet,,,Assault Vest,,,Booster Energy,,,Black Glasses,,https://pokepast.es/0733114a4ad76696,No,Extracted,X,None,18 Jan 2023,Wooper #2,34th,https://twitter.com/SteelTrainer_/status/1615964139624566786,https://play.limitlesstcg.com/tournament/63b61bfcfa281305be50f804/standings,-,SteelTrainer_,,Arcanine,Armarouge,Amoonguss,Iron Hands,Slither Wing,Kingambit
685,Snowpoint's Wooper #2 Team,,Tyler Drew,,,,Sitrus Berry,,,White Herb,,,Assault Vest,,,Eviolite,,,Choice Band,,,Life Orb,,https://pokepast.es/c74822c13be75a9a,No,Extracted,X,None,18 Jan 2023,Wooper #2,87th,https://twitter.com/snowpointvgc/status/1615944519299780609,https://play.limitlesstcg.com/tournament/63b61bfcfa281305be50f804/standings,-,snowpointvgc,,Volcarona,Tsareena,Iron Hands,Murkrow,Dragonite,Hydreigon
684,gohan92's Tommy's Practice Tour #3 Winning Team,,Burak Achmedoglou,,,,Sitrus Berry,,,Booster Energy,,,Rocky Helmet,,,Focus Sash,,,Assault Vest,,,Life Orb,,https://pokepast.es/6a7c5af715ce47ba,No,Extracted,X,None,17 Jan 2023,Tommy Tour #3,Winner,https://play.limitlesstcg.com/tournament/63b4f2d4fa281305be50f288/standings,https://play.limitlesstcg.com/tournament/63b4f2d4fa281305be50f288/standings,-,gohen1992,,Arcanine,Iron Bundle,Amoonguss,Great Tusk,Kingambit,Flutter Mane
683,Kd's Early Season Team,,Kevonne Boreland,,,,Assault Vest,,,Booster Energy,,,Rocky Helmet,,,Leftovers,,,Focus Sash,,,Life Orb,,https://pokepast.es/7556929a714c0cf3,No,Extracted,X,None,17 Jan 2023,Twitter,-,https://twitter.com/kevyboreland/status/1615382622485479430,https://play.limitlesstcg.com/tournament/63c691a5f61c172bc031cb75/standings,-,kevyboreland,,Arcanine,Iron Bundle,Amoonguss,Annihilape,Flutter Mane,Roaring Moon
682,TheGoomy's PokeVillage Tour #3 Champion Team,,TheGoomy,,,,Sitrus Berry,,,Focus Sash,,,Rocky Helmet,,,Life Orb,,,Leftovers,,,Booster Energy,,https://pokepast.es/f2d31fa138b67591,No,Extracted,X,None,16 Jan 2023,PokeVillage #3,Champion,https://twitter.com/IAmTheGoomy/status/1615240394366750721,https://play.limitlesstcg.com/tournament/63c0d81cfa281305be512879/standings,-,IAmTheGoomy,,Volcarona,Iron Bundle,Amoonguss,Sandy Shocks,Iron Hands,Roaring Moon
681,DuranzTV's PokeVillage Tour #3 Runner Up Team,,Jonathan Duran,,,,Safety Goggles,,,Focus Sash,,,Leftovers,,,Choice Scarf,,,Assault Vest,,,Scope Lens,,https://pokepast.es/62150e3ac8b51459,No,Extracted,X,None,17 Jan 2023,PokeVillage #3,Runner Up,https://twitter.com/Jondurannn/status/1615354873096114176,https://play.limitlesstcg.com/tournament/63c0d81cfa281305be512879/standings,-,Jondurannn,,Arcanine,Meowscarada,Garganacl,Glimmora,Iron Hands,Hydreigon
680,bdogplatinum's Pico Rivera Local #4 Champion Team,,Brandon Davis,,,,Life Orb,,,Focus Sash,,,Aguav Berry,,,Roseli Berry,,,Choice Specs,,,Booster Energy,,https://pokepast.es/f63234b212cdce9f,Yes,Extracted,✔,KJG5QF,16 Jan 2023,Pico Rivera Local #4,Champion,https://twitter.com/bdogplatinum/status/1614883526700339200,https://twitter.com/TtvPOWgaming/status/1614853689168261123,-,bdogplatinum,,Drednaw,Pelipper,Amoonguss,Sableye,Gholdengo,Iron Valiant
678,WinterKnight's Double Moth Team,,WinterKnight,,,,Focus Sash,,,Mystic Water,,,Safety Goggles,,,Rocky Helmet,,,Assault Vest,,,Booster Energy,,https://pokepast.es/494a3a81b9f0a9c5,Yes,Owner's,X,None,15 Jan 2023,Youtube,-,https://www.youtube.com/watch?v=BC-p0L7qbEs,-,-,Manual Entry,,Iron Moth,Palafin,Pelipper,Amoonguss,Iron Hands,Slither Wing
677,WinterKnight's Iron Valiant Team,,WinterKnight,,,,Focus Sash,,,Mirror Herb,,,Assault Vest,,,Leftovers,,,Sitrus Berry,,,Booster Energy,,https://pokepast.es/a4f358f751e191a9,Yes,Owner's,✔,XXFHDR,13 Jan 2023,Youtube,-,https://www.youtube.com/watch?v=DvfZsbCZ2rg,-,-,Manual Entry,,Iron Moth,Tauros-Paldea-Aqua,Meowscarada,Garganacl,Gholdengo,Iron Valiant
675,Silverbroom's Skraw Tour #1 Champion Team,,Silverbroom,,,,Sitrus Berry,,,Booster Energy,,,Rocky Helmet,,,Focus Sash,,,Assault Vest,,,Life Orb,,https://pokepast.es/4cfdb0b627d31136,No,Owner's,X,None,14 Jan 2023,Skraw #1,Champion,https://twitter.com/JacobSkraw/status/1614797694983086081,https://play.limitlesstcg.com/tournament/63c219f4fa281305be51344e/standings,-,Silverbroom,,Arcanine,Iron Bundle,Amoonguss,Great Tusk,Kingambit,Flutter Mane
674,noob88's Skraw Tour #1 Runner Up Team,,noob88,,,,Rocky Helmet,,,Leftovers,,,Choice Scarf,,,Focus Sash,,,Booster Energy,,,Loaded Dice,,https://pokepast.es/76632b67463f6946,No,Owner's,X,None,14 Jan 2023,Skraw #1,Runner Up,https://twitter.com/JacobSkraw/status/1614797694983086081,https://play.limitlesstcg.com/tournament/63c219f4fa281305be51344e/standings,-,noob88,,Volcarona,Dondozo,Tatsugiri,Pawmot,Flutter Mane,Baxcalibur
673,Snaf's DuranzTV #4 Champion Team,,Zach Holowiak,,,,Life Orb,,,Leftovers,,,Focus Sash,,,Choice Scarf,,,Psychic Seed,,,Booster Energy,,https://pokepast.es/5899f78c010cb45b,No,Extracted,X,None,14 Jan 2023,DuranzTV #4,Champion,https://twitter.com/Snaf269/status/1614476767942823937,https://play.limitlesstcg.com/tournament/63bb7c55fa281305be511167/standings,-,Snaf269,,Armarouge,Dondozo,Iron Bundle,Tatsugiri,Indeedee-F,Roaring Moon
672,Sanaito's DuranzTV #4 Runner Up Team,,Matthew Gonzalez,,,,Life Orb,,,Sitrus Berry,,,Rocky Helmet,,,Assault Vest,,,Focus Sash,,,Choice Scarf,,https://pokepast.es/8ff1be7ff86e18d1,Yes,Extracted,✔,H5TS1D,14 Jan 2023,DuranzTV #4,Runner Up,https://twitter.com/sanaito303/status/1614450759969423360,https://play.limitlesstcg.com/tournament/63bb7c55fa281305be511167/standings,-,sanaito303,,Ceruledge,Rotom-Wash,Amoonguss,Kingambit,Iron Valiant,Garchomp
671,Wisedy's DuranzTV #4 Top 4 Team,,Wisedy,,,,Safety Goggles,,,Focus Sash,,,Rocky Helmet,,,Assault Vest,,,Life Orb,,,Scope Lens,,https://pokepast.es/55c96193fd3fc8aa,No,Extracted,X,None,14 Jan 2023,DuranzTV #4,Top 4,https://twitter.com/wisedyVGC/status/1614441371447840768,https://play.limitlesstcg.com/tournament/63bb7c55fa281305be511167/standings,-,wisedyVGC,,Arcanine,Iron Bundle,Amoonguss,Iron Hands,Mimikyu,Hydreigon
670,blckkkkkk's Wide League Saturday #1 Champion Team,,River Davis,,,,Leftovers,,,Sitrus Berry,,,Assault Vest,,,Light Clay,,,Life Orb,,,Choice Band,,https://pokepast.es/f901d2fdeb5c97d8,No,Extracted,X,None,14 Jan 2023,Wide League Sat #1,Champion,https://twitter.com/TheWideLeague/status/1615022412407382023,https://play.limitlesstcg.com/tournament/63bce0c8fa281305be5116f8/standings,-,blckkkkkk,,Volcarona,Amoonguss,Iron Hands,Sableye,Gholdengo,Dragonite
669,JAWNZU's Wide League Saturday #1 Runner Up Team,,Jonathan Zuniga,,,,Booster Energy,,,Leftovers,,,Choice Scarf,,,Assault Vest,,,Life Orb,,,Focus Sash,,https://pokepast.es/3395f851e97c4478,No,Extracted,X,None,14 Jan 2023,Wide League Sat #1,Runner Up,https://twitter.com/JAWNZU/status/1614538091586539521,https://play.limitlesstcg.com/tournament/63bce0c8fa281305be5116f8/standings,-,JAWNZU,,Iron Moth,Dondozo,Tatsugiri,Iron Hands,Kingambit,Flutter Mane
668,Piku's Wide League Saturday #1 13th Place Team,,Piku,,,,Assault Vest,,,Covert Cloak,,,Aguav Berry,,,Rocky Helmet,,,Leftovers,,,Booster Energy,,https://pokepast.es/8a642fbb6131a30b,No,Extracted,X,None,14 Jan 2023,Wide League Sat #1,13th,https://twitter.com/pikuchanneru/status/1614503118611566592,https://play.limitlesstcg.com/tournament/63bce0c8fa281305be5116f8/standings,-,pikuchanneru,,Gastrodon,Slowbro,Slowking,Brute Bonnet,Annihilape,Iron Hands
667,Blake's Jules' Tour Winning Team,,Blake Silver,,,,Life Orb,,,Focus Sash,,,Rocky Helmet,,,Sitrus Berry,,,Throat Spray,,,Black Glasses,,https://pokepast.es/1763cb3863d22998,No,Extracted,X,None,15 Jan 2023,Jules' Tour,Winner,https://twitter.com/blakesilver5/status/1614698062512881669,https://play.limitlesstcg.com/tournament/63b60038fa281305be50f725/standings,-,blakesilver5,,Drednaw,Pelipper,Amoonguss,Iron Hands,Farigiraf,Kingambit
666,Daniele's Papa LB Tour Champion Team,,Daniele Fanelli,,,,Sitrus Berry,,,Lum Berry,,,Rocky Helmet,,,Leftovers,,,Assault Vest,,,Life Orb,,https://pokepast.es/e6c62089457509ec,No,Extracted,X,None,14 Jan 2023,Papa LB Tribute Tour,Champion,https://twitter.com/RakeyVGC/status/1614704023994773505,https://play.limitlesstcg.com/tournament/63bc6703fa281305be51142e/standings,-,Daniele0504,,Torkoal,Gyarados,Amoonguss,Garganacl,Kingambit,Flutter Mane
665,KayDee's Papa LB Tribute Tour Runner Up Team,,Kylian Duquesne,,,,Sitrus Berry,,,Focus Sash,,,Leftovers,,,Choice Specs,,,Expert Belt,,,Life Orb,,https://pokepast.es/d3dffbc8958b4c7c,Yes,Owner's,X,None,15 Jan 2023,Papa LB Tribute Tour,Runner Up,https://twitter.com/KayDeeVGC/status/1614682996379885570,https://play.limitlesstcg.com/tournament/63bc6703fa281305be51142e/standings,-,KayDeeVGC,,Arcanine,Iron Moth,Garganacl,Gholdengo,Scizor,Mimikyu
664,LunarCD's Nino FF62 Champion Team,,Chris Danzo,,,,Safety Goggles,,,Focus Sash,,,Sitrus Berry,,,Leftovers,,,Assault Vest,,,Life Orb,,https://pokepast.es/0c6873a2086ed598,Yes,Owner's,✔,7M88PC,14 Jan 2023,Nino FF62,Champion,https://twitter.com/chrisdanzo/status/1614182071148371971,https://www.twitch.tv/videos/1706870172,https://play.limitlesstcg.com/tournament/63bc7fa4fa281305be5114f3/standings,chrisdanzo,,Arcanine,Iron Bundle,Amoonguss,Garganacl,Iron Hands,Gholdengo
663,JoeUX9's Nino FF62 Runner Up Team,,Joseph Ugarte,,,,Sitrus Berry,,,Focus Sash,,,Leftovers,,,Assault Vest,,,Choice Specs,,,Life Orb,,https://pokepast.es/7db259b8f9b0274f,No,Extracted,X,None,14 Jan 2023,Nino FF62,Runner Up,https://twitter.com/JoeUX9/status/1614176228256129025,https://play.limitlesstcg.com/tournament/63bc7fa4fa281305be5114f3/standings,-,JoeUX9,,Arcanine,Meowscarada,Garganacl,Iron Hands,Gholdengo,Mimikyu
662,MrPenguin93's Nino FF62 Top 4 Team,,Juan C. Ortiz,,,,Assault Vest,,,Sitrus Berry,,,Safety Goggles,,,Life Orb,,,Throat Spray,,,Clear Amulet,,https://pokepast.es/bf7dc0c181f42868,No,Extracted,X,None,13 Jan 2023,Nino FF62,Top 4,https://twitter.com/MrPenguin93/status/1614168268020895746,https://play.limitlesstcg.com/tournament/63bc7fa4fa281305be5114f3/standings,-,MrPenguin93,,Arcanine,Rotom-Wash,Maushold,Gholdengo,Sylveon,Roaring Moon
661,Lexicon's Nino FF62 Top 4 Team,,Alex Underhill,,,,Booster Energy,,,Chesto Berry,,,Focus Sash,,,Leftovers,,,Assault Vest,,,Choice Specs,,https://pokepast.es/edc97afaa6685317,Yes,Extracted,✔,7L0S69,14 Jan 2023,Nino FF62,Top 4,https://twitter.com/lexiconvgc/status/1614165638242607104,https://play.limitlesstcg.com/tournament/63bc7fa4fa281305be5114f3/standings,-,lexiconvgc,,Iron Moth,Dondozo,Tatsugiri,Gholdengo,Kingambit,Flutter Mane
660,ArKane's Nino FF62 Top 8 Team,,ArKane,,,,Focus Sash,,,Eject Button,,,Assault Vest,,,Mental Herb,,,Roseli Berry,,,Choice Band,,https://pokepast.es/1367050529e87c77,Yes,Extracted,✔,KJM96K,14 Jan 2023,Nino FF62,Top 8,https://twitter.com/arkanevgc/status/1614406948064985089,https://play.limitlesstcg.com/tournament/63bc7fa4fa281305be5114f3/standings,-,arkanevgc,,Pelipper,Pincurchin,Iron Hands,Farigiraf,Spiritomb,Scizor
659,MoxieBoosted's Nino FF62 Top 16 Team,,Marcos Perez,,,,Leftovers,,,Safety Goggles,,,Rocky Helmet,,,Focus Sash,,,Booster Energy,,,Assault Vest,,https://pokepast.es/be7ce49a23636482,No,Extracted,X,None,14 Jan 2023,Nino FF62,Top 16,https://twitter.com/moxieboosted/status/1614145982748303360,https://play.limitlesstcg.com/tournament/63bc7fa4fa281305be5114f3/standings,-,moxieboosted,,Palafin,Pelipper,Amoonguss,Meowscarada,Slither Wing,Kingambit
658,Asada's Nino FF62 Top 32 Team,,Brian Soh,,,,Charcoal,,,Booster Energy,,,Safety Goggles,,,Assault Vest,,,Choice Specs,,,Life Orb,,https://pokepast.es/0c14b55b24264e61,No,Extracted,X,None,14 Jan 2023,Nino FF62,Top 32,https://twitter.com/bsohsmallspaces/status/1614130440889303040,https://play.limitlesstcg.com/tournament/63bc7fa4fa281305be5114f3/standings,-,bsohsmallspaces,,Torkoal,Iron Hands,Farigiraf,Kingambit,Flutter Mane,Roaring Moon
657,Piku's Nino FF62 Team,,Piku,,,,Assault Vest,,,Covert Cloak,,,Aguav Berry,,,Rocky Helmet,,,Leftovers,,,Booster Energy,,https://pokepast.es/76f7b27058c01958,No,Extracted,X,None,14 Jan 2023,Nino FF62,111th,https://twitter.com/pikuchanneru/status/1614503118611566592,https://play.limitlesstcg.com/tournament/63bc7fa4fa281305be5114f3/standings,-,pikuchanneru,,Gastrodon,Slowbro,Slowking,Brute Bonnet,Annihilape,Iron Hands
656,Hobbit's Wooper #1 Champion Team,,Henry Rich,,,,Safety Goggles,,,Focus Sash,,,Rocky Helmet,,,Assault Vest,,,Throat Spray,,,Booster Energy,,https://pokepast.es/d2129429adc3a392,No,Extracted,X,None,11 Jan 2023,Wooper #1,Champion,https://twitter.com/thatguyinabeani/status/1613564688742379521,https://play.limitlesstcg.com/tournament/63b4da18fa281305be50f115/standings,-,HobbitVGC,,Arcanine,Iron Bundle,Amoonguss,Iron Hands,Farigiraf,Roaring Moon
655,Grant's Wooper #1 Runner Up Team,,Grant Laird,,,,Covert Cloak,,,Life Orb,,,Focus Sash,,,Flame Orb,,,Psychic Seed,,,Black Glasses,,https://pokepast.es/be98c88756b61e4f,No,Extracted,X,None,11 Jan 2023,Wooper #1,Runner Up,https://twitter.com/thatguyinabeani/status/1613564688742379521,https://play.limitlesstcg.com/tournament/63b4da18fa281305be50f115/standings,-,zap_vgc,,Armarouge,Arboliva,Meowscarada,Hariyama,Indeedee-F,Kingambit
654,Scarlet Skill's Wooper #1 Top 4 Team,,Dylan Salvanera,,,,Safety Goggles,,,Focus Sash,,,Aguav Berry,,,Assault Vest,,,Booster Energy,,,Loaded Dice,,https://pokepast.es/d5fad0c4c4668144,No,Extracted,X,None,11 Jan 2023,Wooper #1,Top 4,https://twitter.com/scarlet_skill/status/1613426358843052033,https://play.limitlesstcg.com/tournament/63b4da18fa281305be50f115/standings,-,scarlet_skill,,Tauros-Paldea-Blaze,Iron Bundle,Amoonguss,Sandy Shocks,Iron Jugulis,Baxcalibur
653,SableyeVGC's Wooper #1 Top 8 Team,,Ryan Loseto,,,,Sitrus Berry,,,Safety Goggles,,,Room Service,,,Leftovers,,,Assault Vest,,,Focus Sash,,https://pokepast.es/3cc4b2bbd84bc5c7,No,Extracted,X,None,12 Jan 2023,Wooper #1,Top 8,https://twitter.com/sableyevgc/status/1613566767913226240,https://play.limitlesstcg.com/tournament/63b4da18fa281305be50f115/standings,-,sableyevgc,,Volcarona,Tauros-Paldea-Aqua,Amoonguss,Garganacl,Kingambit,Flutter Mane
652,derEffern's Raizors Tour #1 Champion Team,,derEffern,,,,Charcoal,,,Rocky Helmet,,,Safety Goggles,,,Choice Specs,,,Life Orb,,,Clear Amulet,,https://pokepast.es/2603230374b09b28,No,Extracted,X,None,8 Jan 2023,Raizor Tour #1,Champion,https://play.limitlesstcg.com/tournament/63b9e3b9fa281305be510a79/standings,https://play.limitlesstcg.com/tournament/63b9e3b9fa281305be510a79/standings,-,Manual Entry,,Torkoal,Amoonguss,Oranguru,Gholdengo,Flutter Mane,Roaring Moon
651,OBM's Raizors Tour #1 Runner Up Team,,Michel Zazzi,,,,Choice Specs,,,Booster Energy,,,Occa Berry,,,Focus Sash,,,Covert Cloak,,,Clear Amulet,,https://pokepast.es/bf4c0ccd64c0049a,Yes,Extracted,✔,GM07JF,8 Jan 2023,Raizor Tour #1,Runner Up,https://twitter.com/OBMgamer/status/1612161447919763459,https://play.limitlesstcg.com/tournament/63b9e3b9fa281305be510a79/standings,-,OBMgamer,,Rotom-Heat,Iron Bundle,Amoonguss,Flutter Mane,Grimmsnarl,Garchomp