,VGCPastes Repository (Regulation E),,,,,,,,,,,,,,,,,,,Total Team Count:,,78,,,,,Total Creator Count: ,51,,,Teams with Rentals: ,51,,,,,,,,,,,,
,Click here to visit our Twitter for latest updates!,,,,,,,,,,,,,,,,,,,,,,,,,,DM us in Discord if Rental Code is not available anymore! ⬇︎,,,Source /,,Note: Most of the teams we find are from Twitter,,,,,,,,,,,,
Team ID,Team Description,,Full Name,,1,,,2,,,3,,,4,,,5,,,6,,,,Pokepaste,EVs,Extracted paste?,Rental Status,"Rental Code
(Click text for image)",Date Shared,Tournament / Event,Rank,Link to Source,Report / Video,Other Links,Owner,,Pokemon Text for Copypasta,,,,,,,Team ID
E78,Grant's Beastcoast Safari Zone Champion Team,,Grant Laird,,,,Mystic Water,,,Hearthflame Mask,,,Assault Vest,,,Focus Sash,,,Choice Specs,,,Booster Energy,,https://pokepast.es/cd9d667b0e9481e3,No,Extracted,X,None,1 Oct 2023,Beastcoast Safari Zone,Champion,https://x.com/zap_vgc/status/1708643285399376316?s=20,-,https://play.limitlesstcg.com/tournament/64ef7a9716713005e50024ac/standings,zap_vgc,,Urshifu-Rapid-Strike,Ogerpon,Rillaboom,Chien-Pao,Gholdengo,Roaring Moon,,E78
E77,TheKingVillager's Beastcoast Safari Zone Runner Up Team,,James Evans,,,,Choice Band,,,Leftovers,,,Assault Vest,,,Focus Sash,,,Choice Scarf,,,Safety Goggles,,https://pokepast.es/0d2b100d4ef07dc5,No,Extracted,X,None,1 Oct 2023,Beastcoast Safari Zone,Runner Up,https://x.com/TheKingVillager/status/1708625621696364633?s=20,-,https://play.limitlesstcg.com/tournament/64ef7a9716713005e50024ac/standings,TheKingVillager,,Arcanine-Hisui,Gastrodon,Iron Hands,Urshifu,Landorus-Therian,Cresselia,,E77
E76,Panda's Beastcoast Safari Zone Top 4 Team,,Justin Tang,,,,Booster Energy,,,Hearthflame Mask,,,Sitrus Berry,,,Assault Vest,,,Choice Scarf,,,Safety Goggles,,https://pokepast.es/f910c27360b11a8e,No,Extracted,X,None,1 Oct 2023,Beastcoast Safari Zone,Top 4,https://x.com/unironicpanda/status/1708861376372850995?s=20,-,https://play.limitlesstcg.com/tournament/64ef7a9716713005e50024ac/standings,unironicpanda,,Iron Bundle,Ogerpon,Rillaboom,Iron Hands,Landorus-Therian,Kingambit,,E76
E75,JoeUX9's Beastcoast Safari Zone Top 4 Team,,Joseph Ugarte,,,,Choice Band,,,Leftovers,,,Assault Vest,,,Focus Sash,,,Safety Goggles,,,Booster Energy,,https://pokepast.es/d3548449861c9522,No,Extracted,X,None,1 Oct 2023,Beastcoast Safari Zone,Top 4,https://x.com/JoeUX9/status/1708627738716692699?s=20,-,https://play.limitlesstcg.com/tournament/64ef7a9716713005e50024ac/standings,JoeUX9,,Arcanine-Hisui,Gastrodon,Iron Hands,Urshifu,Cresselia,Flutter Mane,,E75
E74,Brian's Beastcoast Safari Zone Top 8 Team,,Brian Youm,,,,Choice Specs,,,Wellspring Mask,,,Assault Vest,,,Choice Scarf,,,Dread Plate,,,Booster Energy,,https://pokepast.es/1940469c11cd584f,No,Extracted,X,None,1 Oct 2023,Beastcoast Safari Zone,Top 8,https://x.com/Playmaker708/status/1708648871423779157?s=20,-,https://play.limitlesstcg.com/tournament/64ef7a9716713005e50024ac/standings,Playmaker708,,Chi-Yu,Ogerpon,Iron Hands,Landorus-Therian,Kingambit,Flutter Mane,,E74
E73,Skraw's Beastcoast Safari Zone Top 8 Team,,Jacob Mortenson,,,,Booster Energy,,,Sitrus Berry,,,Hearthflame Mask,,,Assault Vest,,,Choice Scarf,,,Choice Specs,,https://pokepast.es/f8f5a9435a69fc5f,No,Extracted,X,None,1 Oct 2023,Beastcoast Safari Zone,Top 8,https://x.com/JacobSkraw/status/1708604726634254704?s=20,-,https://play.limitlesstcg.com/tournament/64ef7a9716713005e50024ac/standings,JacobSkraw,,Iron Bundle,Amoonguss,Ogerpon,Iron Hands,Landorus-Therian,Flutter Mane,,E73
E72,icebergvgc's Beastcoast Safari Zone Top 8 Team,,Luca Paz,,,,Sitrus Berry,,,Wellspring Mask,,,Focus Sash,,,Assault Vest,,,Choice Scarf,,,Choice Specs,,https://pokepast.es/6a4995ba2c33a766,No,Extracted,X,None,1 Oct 2023,Beastcoast Safari Zone,Top 8,No Tweet,-,https://play.limitlesstcg.com/tournament/64ef7a9716713005e50024ac/standings,icebergvgc,,Amoonguss,Ogerpon,Chien-Pao,Iron Hands,Landorus-Therian,Flutter Mane,,E72
E71,Lorcy's Beastcoast Safari Zone Top 8 Team,,Joshua Lorcy,,,,Sitrus Berry,,,Wellspring Mask,,,Assault Vest,,,Choice Scarf,,,Black Glasses,,,Booster Energy,,https://pokepast.es/b074a3751b0e30cd,No,Extracted,X,None,1 Oct 2023,Beastcoast Safari Zone,Top 8,https://x.com/lorcylovesyou/status/1708601087454781750?s=20,-,https://play.limitlesstcg.com/tournament/64ef7a9716713005e50024ac/standings,lorcylovesyou,,Chi-Yu,Ogerpon,Iron Hands,Landorus-Therian,Kingambit,Flutter Mane,,E71
E70,Xenconic's Beastcoast Safari Zone Top 16 Team,,Alex Landry,,,,Rocky Helmet,,,Hearthflame Mask,,,Assault Vest,,,Choice Scarf,,,Booster Energy,,,Light Clay,,https://pokepast.es/281a7f2d72af804f,No,Extracted,X,None,1 Oct 2023,Beastcoast Safari Zone,Top 16,https://twitter.com/xenconic/status/1708602656128729101?s=46&t=WmXEnVa3rTSw0P9A0n6S3Q,-,https://play.limitlesstcg.com/tournament/64ef7a9716713005e50024ac/standings,xenconic,,Amoonguss,Ogerpon,Iron Hands,Landorus-Therian,Flutter Mane,Ninetales-Alola,,E70
E69,TomH's Beastcoast Safari Zone Top 16 Team,,Thomas Hayden,,,,Twisted Spoon,,,Charcoal,,,Flame Orb,,,Choice Scarf,,,Psychic Seed,,,Life Orb,,https://pokepast.es/99c2335d7af1f925,Yes,Owner's,X,None,1 Oct 2023,Beastcoast Safari Zone,Top 16,https://twitter.com/TomHayden27/status/1708672132698218728?s=20,-,https://play.limitlesstcg.com/tournament/64ef7a9716713005e50024ac/standings,TomHayden27,,Armarouge,Torkoal,Ursaluna,Urshifu,Indeedee-F,Hatterene,,E69
E68,413X's Beastcoast Safari Zone Top 32 Team,,413X,,,,Choice Specs,,,Wellspring Mask,,,Assault Vest,,,Choice Scarf,,,Rocky Helmet,,,Booster Energy,,https://pokepast.es/346387fd37cb6ba1,Yes,Owner's,X,None,1 Oct 2023,Beastcoast Safari Zone,Top 32,https://twitter.com/413xplayz/status/1708998198394605814?s=46&t=WmXEnVa3rTSw0P9A0n6S3Q,https://pokepast.es/cd09a983f5b6131e,https://play.limitlesstcg.com/tournament/64ef7a9716713005e50024ac/standings,413xplayz,,Chi-Yu,Ogerpon-Wellspring,Iron Hands,Landorus-Therian,Sinistcha,Flutter Mane,,E68
E67,Glastrier Okidogi Team,,Dominik Freund,,,,Choice Specs,,,Sitrus Berry,,,Clear Amulet,,,Assault Vest,,,Safety Goggles,,,Covert Cloak,,https://pokepast.es/33772be2cbcfdb52,Yes,Extracted,✔,HBPMJR,4 Oct 2023,Tweet,-,https://twitter.com/TryplexxLoL/status/1709591326038081926?s=20,-,-,TryplexxLoL,,Chi-Yu,Amoonguss,Glastrier,Okidogi,Landorus-Therian,Tornadus,,E67
E66,KastusDiea's Iron Moth Team,,KastusDiea,,,,Booster Energy,,,Choice Band,,,Grassy Seed,,,Life Orb,,,Wide Lens,,,Covert Cloak,,https://pokepast.es/2221ab4fc4e91a01,Yes,Extracted,✔,6Y709J,4 Oct 2023,Discord,-,Discord Submission,-,-,Manual Entry,,Iron Moth,Urshifu-Rapid-Strike,Rillaboom,Ursaluna-Bloodmoon,Maushold-Four,Tornadus,,E66
E65,Setsuna's Ogerpon Hearthflame Team,,Setsuna,,,,Hearthflame Mask,,,Mystic Water,,,Assault Vest,,,Focus Sash,,,Choice Scarf,,,Sitrus Berry,,https://pokepast.es/015003fda14cce5d,Yes,Owner's,✔,P38RKK,30 Sep 2023,Tweet,-,https://twitter.com/Setsuna_vgc/status/1708107595180110127,-,-,Setsuna_vgc,,Ogerpon-Hearthflame,Urshifu-Rapid-Strike,Rillaboom,Chien-Pao,Landorus-Therian,Tornadus,,E65
E64,UserIntel's Mimikyu Team,,UserIntel,,,,Leftovers,,,Sitrus Berry,,,Choice Scarf,,,Assault Vest,,,Life Orb,,,Mental Herb,,https://pokepast.es/64a7675edfd1364e,Yes,Owner's,X,None,2 Oct 2023,Tweet,-,https://twitter.com/Username_Intel/status/1708574134857355465,-,-,Username_Intel,,Heatran,Rillaboom,Landorus-Therian,Kingambit,Flutter Mane,Mimikyu,,E64
E63,PokeReplaysVGC's Time Traveler Championship Top 4 Team,,Adam Wright,,,,Choice Band,,,Wellspring Mask,,,Focus Sash,,,Assault Vest,,,Choice Scarf,,,Choice Specs,,https://pokepast.es/e92440f9a24f15c6,Yes,Owner's,X,None,2 Oct 2023,Time Traveler Championship,Top 4,https://twitter.com/PokeReplaysVGC/status/1708775187322114193,https://play.limitlesstcg.com/tournament/64e2105116713005e5ffc063/standings,-,PokeReplaysVGC,,Arcanine-Hisui,Ogerpon-Wellspring,Chien-Pao,Iron Hands,Landorus-Therian,Flutter Mane,,E63
E62,KayDee's Showdown Ladder Top 20 Team,,Kylian Duquesne,,,,Life Orb,,,Choice Specs,,,Focus Sash,,,Psychic Seed,,,Assault Vest,,,Fairy Feather,,https://pokepast.es/df318fa90472d065,Yes,Owner's,X,None,2 Oct 2023,Showdown Ladder,19th,https://x.com/KayDeeVGC/status/1708787595226857559?s=20,-,-,KayDeeVGC,,Armarouge,Torkoal,Lilligant-Hisui,Indeedee-F,Kingambit,Enamorus-Therian,,E62
E61,Aure's Empoleon Okidogi Team,,Aure,,,,Assault Vest,,,Leftovers,,,Choice Band,,,Covert Cloak,,,Rocky Helmet,,,Light Clay,,https://pokepast.es/1a4bfeb361207926,Yes,Owner's,✔,H00MX7,2 Oct 2023,Tweet,-,https://x.com/foxbalthier/status/1708850342937362854?s=20,-,-,foxbalthier,,Empoleon,Okidogi,Urshifu,Tornadus,Sinistcha,Ninetales-Alola,,E61
E60,Mirorbvgc's PokeVoltClub Top 8 Team,,Mirorbvgc,,,,Aguav Berry,,,Assault Vest,,,Life Orb,,,Sitrus Berry,,,Leftovers,,,Cornerstone Mask,,https://pokepast.es/132e2f4beae8cd8b,No,Owner's,X,None,2 Oct 2023,PokeVoltClub,Top 8,https://x.com/mirrorbvgc/status/1709048675186467237?s=20,-,-,mirrorbvgc,,Milotic,Rillaboom,Chien-Pao,Hippowdon,Okidogi,Ogerpon-Cornerstone,,E60
E59,saimal_poke's Golem Noivern Team,,saimal_poke,,,,Focus Sash,,,Wellspring Mask,,,Choice Scarf,,,Choice Band,,,Life Orb,,,Sharp Beak,,https://pokepast.es/0e13b755cc48b5e3,Yes,Extracted,✔,TFY2R4,3 Oct 2023,Tweet,-,https://twitter.com/saimal_poke/status/1709195661982519766?s=46&t=WmXEnVa3rTSw0P9A0n6S3Q,-,-,saimal_poke,,Basculegion,Ogerpon-Wellspring,Politoed,Golem,Indeedee,Noivern,,E59
E58,CaptainUnova's Bird Team,,Sheldon,,,,Rocky Helmet,,,Sitrus Berry,,,Damp Rock,,,Safety Goggles,,,Focus Sash,,,Leftovers,,https://pokepast.es/94286dd0f04f50bb,Yes,Owner's,✔,4M1V3G,3 Oct 2023,Tweet,-,https://twitter.com/captain_unova/status/1709205617863234000?s=46&t=WmXEnVa3rTSw0P9A0n6S3Q,-,-,captain_unova,,Moltres,Cramorant,Pelipper,Zapdos,Squawkabilly-Yellow,Corviknight,,E58
E57,Lily's Battle Stadium Peak 2nd Place Team,,Lily,,,,Leftovers,,,Assault Vest,,,Choice Scarf,,,Choice Specs,,,Light Clay,,,Booster Energy,,https://pokepast.es/b04ae0b0728925fb,Yes,Owner's,✔,N80RKQ,3 Oct 2023,Battle Stadium,2nd,https://twitter.com/LilyMuwu/status/1709348741545619515,-,-,LilyMuwu,,Heatran,Iron Hands,Landorus-Therian,Flutter Mane,Ninetales-Alola,Roaring Moon,,E57
E56,Picollo's German MSS Top 16 Team,,Benjamin Gedaschke,,,,Wellspring Mask,,,Sitrus Berry,,,Focus Sash,,,Assault Vest,,,Choice Scarf,,,Booster Energy,,https://pokepast.es/f60f621aa777b15c,Yes,Extracted,✔,3M94L1,3 Oct 2023,German MSS,Top 16,https://twitter.com/picollovgc/status/1709303766128669065?s=46&t=WmXEnVa3rTSw0P9A0n6S3Q,-,-,picollovgc,,Ogerpon-Wellspring,Amoonguss,Chien-Pao,Iron Hands,Landorus-Therian,Flutter Mane,,E56
E55,CONCERNEDMOMHS' Muk-Alola Chansey Team,,CONCERNEDMOMHS,,,,Leftovers,,,Focus Sash,,,Assault Vest,,,Sitrus Berry,,,Eviolite,,,Mental Herb,,https://pokepast.es/f6a14d0d8b8ff001,Yes,Extracted,✔,JB9B6N,3 Oct 2023,Tweet,-,https://twitter.com/concernedmomhs/status/1709281253281669606?s=46&t=WmXEnVa3rTSw0P9A0n6S3Q,-,-,concernedmomhs,,Wo-Chien,Glimmora,Iron Hands,Muk-Alola,Chansey,Carbink,,E55
E54,Nash's Weezing Roaring Moon Team,,Sanghyeon Na,,,,Mystic Water,,,Magnet,,,Choice Scarf,,,Shuca Berry,,,Choice Specs,,,Booster Energy,,https://pokepast.es/3bd7ce093762c3ac,Yes,Owner's,✔,K2DFJ8,3 Oct 2023,Video,-,https://twitter.com/nashvgc/status/1709178434591821961?s=46&t=WmXEnVa3rTSw0P9A0n6S3Q,-,-,nashvgc,,Palafin,Regieleki,Landorus-Therian,Weezing,Flutter Mane,Roaring Moon,,E54
E53,CloverBells' Ogerpon Tailwind Team,,CloverBells,,,,Hearthflame Mask,,,Assault Vest,,,Focus Sash,,,Choice Scarf,,,Covert Cloak,,,Choice Specs,,https://pokepast.es/e5fcf0386d2de4f6,Yes,Owner's,✔,0J8MDL,2 Oct 2023,Video,-,https://twitter.com/cloverbells21/status/1709048006920585687?s=46&t=WmXEnVa3rTSw0P9A0n6S3Q,-,-,cloverbells21,,Ogerpon-Hearthflame,Rillaboom,Chien-Pao,Landorus-Therian,Tornadus,Flutter Mane,,E53
E52,CloverBells' Roaring Moon Milotic Team,,CloverBells,,,,Hearthflame Mask,,,Leftovers,,,Assault Vest,,,Choice Scarf,,,Fairy Feather,,,Booster Energy,,https://pokepast.es/98873be0ac84f39a,Yes,Owner's,✔,QSJLHD,2 Oct 2023,Video,-,https://twitter.com/cloverbells21/status/1709048006920585687?s=46&t=WmXEnVa3rTSw0P9A0n6S3Q,-,-,cloverbells21,,Ogerpon-Hearthflame,Milotic,Iron Hands,Landorus-Therian,Flutter Mane,Roaring Moon,,E52
E51,CloverBells' Cresselia Bloodmoon Team,,CloverBells,,,,Sitrus Berry,,,Wellspring Mask,,,Assault Vest,,,Throat Spray,,,Mental Herb,,,Booster Energy,,https://pokepast.es/47e9cbdb8b411bd7,Yes,Owner's,✔,CBQRP8,2 Oct 2023,Video,-,https://twitter.com/cloverbells21/status/1709048006920585687?s=46&t=WmXEnVa3rTSw0P9A0n6S3Q,-,-,cloverbells21,,Arcanine-Hisui,Ogerpon-Wellspring,Iron Hands,Ursaluna-Bloodmoon,Cresselia,Flutter Mane,,E51
E50,CloverBells' Moltres-Galar Team,,CloverBells,,,,Leftovers,,,Assault Vest,,,Sitrus Berry,,,Choice Scarf,,,Rocky Helmet,,,Light Clay,,https://pokepast.es/01d58663871f6e99,Yes,Owner's,✔,BNNN8Q,2 Oct 2023,Video,-,https://twitter.com/cloverbells21/status/1709048006920585687?s=46&t=WmXEnVa3rTSw0P9A0n6S3Q,-,-,cloverbells21,,Heatran,Iron Hands,Moltres-Galar,Landorus-Therian,Sinistcha-Masterpiece,Ninetales-Alola,,E50
E49,CloverBells' Baxcalibur Snow Team,,CloverBells,,,,Leftovers,,,Wellspring Mask,,,Assault Vest,,,Choice Scarf,,,Light Clay,,,Loaded Dice,,https://pokepast.es/8fa38228baaf3212,Yes,Owner's,✔,35M4TG,2 Oct 2023,Video,-,https://twitter.com/cloverbells21/status/1709048006920585687?s=46&t=WmXEnVa3rTSw0P9A0n6S3Q,-,-,cloverbells21,,Heatran,Ogerpon-Wellspring,Iron Hands,Landorus-Therian,Ninetales-Alola,Baxcalibur,,E49
E48,Peter's Chicago PC Top 8 Team,,Peter Chen,,,,Sitrus Berry,,,Leftovers,,,Assault Vest,,,Light Clay,,,Rocky Helmet,,,Clear Amulet,,https://pokepast.es/ea433966c2d695d5,Yes,Extracted,✔,HJWK07,1 Oct 2023,Chicago PC,Top 8,https://twitter.com/mrptpablo/status/1708646406238486678?s=46&t=WmXEnVa3rTSw0P9A0n6S3Q,-,-,mrptpablo,,Arcanine-Hisui,Empoleon,Iron Hands,Sableye,Sinistcha,Baxcalibur,,E48
E47,Philip Cohen's Roaring Moon Veil Team,,Philip Cohen,,,,Hearthflame Mask,,,Sitrus Berry,,,Assault Vest,,,Choice Scarf,,,Light Clay,,,Booster Energy,,https://pokepast.es/fa67220fc9a4b0c4,Yes,Extracted,✔,PQV3TG,1 Oct 2023,Tweet,-,https://twitter.com/infernoprod77/status/1708655463154221297?s=46&t=WmXEnVa3rTSw0P9A0n6S3Q,-,-,infernoprod77,,Ogerpon-Hearthflame,Milotic,Iron Hands,Landorus-Therian,Ninetales-Alola,Roaring Moon,,E47
E46,anboxing's German Tour Top 8 Team,,anboxing,,,,Life Orb,,,Charcoal,,,Assault Vest,,,Psychic Seed,,,Focus Sash,,,Choice Specs,,https://pokepast.es/c1788fbe9e1d8669,Yes,Extracted,✔,BFGYVN,1 Oct 2023,German Tour,Top 8,https://twitter.com/anboxing11/status/1708180447258091818?s=46&t=WmXEnVa3rTSw0P9A0n6S3Q,-,-,anboxing11,,Armarouge,Torkoal,Iron Hands,Indeedee-F,Maushold,Hatterene,,E46
E45,johnnychiou36's Trick Room Sun Team,,johnnychiou36,,,,Mind Plate,,,Choice Specs,,,Focus Sash,,,Flame Orb,,,Psychic Seed,,,Life Orb,,https://pokepast.es/cc16afadc8a8a3da,Yes,Owner's,X,None,1 Oct 2023,Tweet,-,https://twitter.com/johnnychiou36/status/1708448470254878893?s=46&t=WmXEnVa3rTSw0P9A0n6S3Q,-,-,johnnychiou36,,Armarouge,Torkoal,Lilligant-Hisui,Ursaluna,Indeedee-F,Hatterene,,E45
E44,TalonVGC's Recreation of Resu's Trainer School Champion Team,,Cedric Bernier,,,,Hearthflame Mask,,,Assault Vest,,,Choice Band,,,Choice Scarf,,,Focus Sash,,,Choice Specs,,https://pokepast.es/29ac730977e10ea7,Yes,Owner's,✔,MJWJ59,1 Oct 2023,Video,-,https://twitter.com/talonvgc/status/1708504186051039547?s=46&t=WmXEnVa3rTSw0P9A0n6S3Q,https://youtu.be/ERicOIjtR5Q?si=sDQz6hyY3gCoZZBG,-,talonvgc,,Ogerpon-Hearthflame,Rillaboom,Urshifu,Landorus-Therian,Tornadus,Gholdengo,,E44
E43,TalonVGC's Recreation of Ghiso's Baxcalibur Team,,Cedric Bernier,,,,Leftovers,,,Wellspring Mask,,,Assault Vest,,,Choice Scarf,,,Light Clay,,,Loaded Dice,,https://pokepast.es/9018971a6b6eeded,Yes,Owner's,✔,TNV7HV,1 Oct 2023,Video,-,https://twitter.com/talonvgc/status/1708504186051039547?s=46&t=WmXEnVa3rTSw0P9A0n6S3Q,https://youtu.be/ERicOIjtR5Q?si=sDQz6hyY3gCoZZBG,-,talonvgc,,Heatran,Ogerpon-Wellspring,Rillaboom,Landorus-Therian,Ninetales-Alola,Baxcalibur,,E43
E42,TalonVGC's Recreation of Tom Hayden's Beastcoast Team,,Cedric Bernier,,,,Twisted Spoon,,,Charcoal,,,Flame Orb,,,Choice Scarf,,,Psychic Seed,,,Life Orb,,https://pokepast.es/ceaa489b3d33e9bc,Yes,Owner's,✔,ST9R9F,1 Oct 2023,Video,-,https://twitter.com/talonvgc/status/1708504186051039547?s=46&t=WmXEnVa3rTSw0P9A0n6S3Q,https://youtu.be/ERicOIjtR5Q?si=sDQz6hyY3gCoZZBG,-,talonvgc,,Armarouge,Torkoal,Ursaluna,Urshifu,Indeedee-F,Hatterene,,E42
E41,TalonVGC's Shiftry Snow Team,,Cedric Bernier,,,,Life Orb,,,Choice Scarf,,,Focus Sash,,,Never-Melt Ice,,,Assault Vest,,,Light Clay,,https://pokepast.es/9d947969eacce961,Yes,Owner's,✔,NSJ684,1 Oct 2023,Video,-,https://twitter.com/talonvgc/status/1708504186051039547?s=46&t=WmXEnVa3rTSw0P9A0n6S3Q,https://youtu.be/ERicOIjtR5Q?si=sDQz6hyY3gCoZZBG,-,talonvgc,,Heatran,Ogerpon,Shiftry,Articuno,Landorus-Therian,Ninetales-Alola,,E41
E40,TalonVGC's Kommo-o Tailwind Team,,Cedric Bernier,,,,Hearthflame Mask,,,Assault Vest,,,Choice Scarf,,,Sitrus Berry,,,Choice Specs,,,Throat Spray,,https://pokepast.es/0700809cd982b2f0,Yes,Owner's,✔,XY8LQ6,1 Oct 2023,Video,-,https://twitter.com/talonvgc/status/1708504186051039547?s=46&t=WmXEnVa3rTSw0P9A0n6S3Q,https://youtu.be/ERicOIjtR5Q?si=sDQz6hyY3gCoZZBG,-,talonvgc,,Ogerpon-Hearthflame,Okidogi,Landorus-Therian,Tornadus,Flutter Mane,Kommo-o,,E40
E39,Jaylun's Milotic Balance Team,,Yang Chieh-Lun,,,,Sitrus Berry,,,Leftovers,,,Miracle Seed,,,Assault Vest,,,Mental Herb,,,Fairy Feather,,https://pokepast.es/523f8387678b8f6f,Yes,Owner's,✔,F898FK,1 Oct 2023,Tweet,-,https://twitter.com/jaylun44/status/1708428881999634748?s=46&t=WmXEnVa3rTSw0P9A0n6S3Q,-,-,jaylun44,,Arcanine-Hisui,Milotic,Rillaboom,Iron Hands,Cresselia,Flutter Mane,,E39
E38,barudoru's Volcarona Sinistcha Team,,Ryota Otsubo,,,,Leftovers,,,Sitrus Berry,,,Booster Energy,,,Assault Vest,,,Wiki Berry,,,Choice Specs,,https://pokepast.es/1d1b87bce87a8077,Yes,Extracted,✔,21CCP9P,1 Oct 2023,Tweet,-,https://twitter.com/barudoru/status/1708403140062740694?t=pb6WZ-E9i8Ev3VaQDtoJsQ&s=19,-,-,barudoru,,Volcarona,Gyarados,Iron Bundle,Iron Hands,Sinistcha,Ninetales-Alola,,E38
E37,Atalanta's Tailwind Sun Team,,Atalanta,,,,Choice Specs,,,Hearthflame Mask,,,Booster Energy,,,Assault Vest,,,Mental Herb,,,Focus Sash,,https://pokepast.es/af44f82bb73c3885,Yes,Owner's,✔,3N6RDN,29 Sep 2023,Tweet,-,https://twitter.com/wandali11688951/status/1707752552517849523?s=46&t=WmXEnVa3rTSw0P9A0n6S3Q,-,-,wandali11688951,,Chi-Yu,Ogerpon-Hearthflame,Iron Bundle,Rillaboom,Tornadus,Flutter Mane,,E37
E36,Atalanta's Tailwind Chien-Pao Team,,Atalanta,,,,Wellspring Mask,,,Focus Sash,,,Black Glasses,,,Choice Scarf,,,Mental Herb,,,Choice Specs,,https://pokepast.es/f586a091ec5bda46,Yes,Owner's,✔,JQLXJF,29 Sep 2023,Tweet,-,https://twitter.com/wandali11688951/status/1707752552517849523?s=46&t=WmXEnVa3rTSw0P9A0n6S3Q,-,-,wandali11688951,,Ogerpon-Wellspring,Chien-Pao,Urshifu,Landorus-Therian,Tornadus,Flutter Mane,,E36
E35,Atalanta's Bloodmoon Kommo-o Team,,Atalanta,,,,Choice Scarf,,,Assault Vest,,,Leftovers,,,Eviolite,,,Rocky Helmet,,,Throat Spray,,https://pokepast.es/15c8bb2ef31cf05c,Yes,Owner's,✔,G6S11C,29 Sep 2023,Tweet,-,https://twitter.com/wandali11688951/status/1707752552517849523?s=46&t=WmXEnVa3rTSw0P9A0n6S3Q,-,-,wandali11688951,,Urshifu-Rapid-Strike,Iron Hands,Ursaluna-Bloodmoon,Clefairy,Sinistcha-Masterpiece,Kommo-o,,E35
E34,Atalanta's Kommo-o Snorlax Team,,Atalanta,,,,Choice Scarf,,,Assault Vest,,,Sitrus Berry,,,Eviolite,,,Rocky Helmet,,,Throat Spray,,https://pokepast.es/b0cf533e4a3d5bcd,Yes,Owner's,✔,YFSFGP,29 Sep 2023,Tweet,-,https://twitter.com/wandali11688951/status/1707752552517849523?s=46&t=WmXEnVa3rTSw0P9A0n6S3Q,-,-,wandali11688951,,Urshifu-Rapid-Strike,Iron Hands,Snorlax,Clefairy,Sinistcha-Masterpiece,Kommo-o,,E34
E33,Atalanta's Hands Rillaboom Urshifu Team,,Atalanta,,,,Choice Specs,,,Mystic Water,,,Sitrus Berry,,,Assault Vest,,,Rocky Helmet,,,Booster Energy,,https://pokepast.es/3c37f3929480584f,Yes,Owner's,✔,BV90GN,29 Sep 2023,Tweet,-,https://twitter.com/wandali11688951/status/1707752552517849523?s=46&t=WmXEnVa3rTSw0P9A0n6S3Q,-,-,wandali11688951,,Chi-Yu,Urshifu-Rapid-Strike,Rillaboom,Iron Hands,Maushold,Flutter Mane,,E33
E32,Atalanta's Grimmsnarl Screens Team,,Atalanta,,,,Assault Vest,,,Hearthflame Mask,,,Choice Scarf,,,Leftovers,,,Choice Specs,,,Light Clay,,https://pokepast.es/7dbfa2d67c8dcd4f,Yes,Owner's,✔,7DF0QM,29 Sep 2023,Tweet,-,https://twitter.com/wandali11688951/status/1707752552517849523?s=46&t=WmXEnVa3rTSw0P9A0n6S3Q,-,-,wandali11688951,,Arcanine-Hisui,Ogerpon-Hearthflame,Urshifu-Rapid-Strike,Okidogi,Flutter Mane,Grimmsnarl,,E32
E31,Atalanta's Snow Team,,Atalanta,,,,Assault Vest,,,Booster Energy,,,Wellspring Mask,,,Focus Sash,,,Leftovers,,,Light Clay,,https://pokepast.es/038e30862862e284,Yes,Owner's,✔,1TC9NR,29 Sep 2023,Tweet,-,https://twitter.com/wandali11688951/status/1707752552517849523?s=46&t=WmXEnVa3rTSw0P9A0n6S3Q,-,-,wandali11688951,,Arcanine-Hisui,Iron Bundle,Ogerpon-Wellspring,Chien-Pao,Sinistcha-Masterpiece,Ninetales-Alola,,E31
E30,Atalanta's Roaring Moon Milotic Team,,Atalanta,,,,Hearthflame Mask,,,Leftovers,,,Assault Vest,,,Choice Scarf,,,Focus Sash,,,Booster Energy,,https://pokepast.es/b397c956041d65e1,Yes,Owner's,✔,03YF3S,29 Sep 2023,Tweet,-,https://twitter.com/wandali11688951/status/1707752552517849523?s=46&t=WmXEnVa3rTSw0P9A0n6S3Q,-,-,wandali11688951,,Ogerpon-Hearthflame,Milotic,Iron Hands,Landorus-Therian,Flutter Mane,Roaring Moon,,E30
E29,Atalanta's Empoleon Team,,Atalanta,,,,Hearthflame Mask,,,Leftovers,,,Focus Sash,,,Safety Goggles,,,Choice Scarf,,,Choice Band,,https://pokepast.es/2648851bfe6a32b4,Yes,Owner's,✔,PXJRSQ,29 Sep 2023,Tweet,-,https://twitter.com/wandali11688951/status/1707752552517849523?s=46&t=WmXEnVa3rTSw0P9A0n6S3Q,-,-,wandali11688951,,Ogerpon-Hearthflame,Empoleon,Chien-Pao,Iron Hands,Landorus-Therian,Dragonite,,E29
E28,Atalanta's Weezing Slaking Team,,Atalanta,,,,Focus Sash,,,Assault Vest,,,Choice Scarf,,,Leftovers,,,Rocky Helmet,,,Silk Scarf,,https://pokepast.es/24e8acda56090dc0,Yes,Owner's,✔,6NMX5V,29 Sep 2023,Tweet,-,https://twitter.com/wandali11688951/status/1707752552517849523?s=46&t=WmXEnVa3rTSw0P9A0n6S3Q,-,-,wandali11688951,,Chien-Pao,Slaking,Landorus-Therian,Weezing,Sinistcha-Masterpiece,Dragonite,,E28
E27,Magnetman's Pomelo Cup Runner Up Team,,Adryan Sutantoso,,,,Sitrus Berry,,,Assault Vest,,,Focus Sash,,,Rocky Helmet,,,Light Clay,,,Booster Energy,,https://pokepast.es/e50496abe42ec000,Yes,Owner's,✔,D6SD1R,29 Sep 2023,Pomelo Cup,Runner Up,https://twitter.com/MagnetmanVGC/status/1707653170414104832,-,-,MagnetmanVGC,,Arcanine-Hisui,Empoleon,Urshifu,Sinistcha,Ninetales-Alola,Roaring Moon,,E27
E26,Tsuyu's Wide League Top 4 Team,,Sangjin Kim,,,,Choice Band,,,Mystic Water,,,Scope Lens,,,Focus Sash,,,Rocky Helmet,,,Booster Energy,,https://pokepast.es/fd7f9b512675c038,Yes,Owner's,X,None,24 Sep 2023,Wide League,Top 4,https://twitter.com/tsuyuvgc/status/1706246663592202495?s=46&t=WmXEnVa3rTSw0P9A0n6S3Q,-,-,tsuyuvgc,,Arcanine-Hisui,Urshifu-Rapid-Strike,Ogerpon,Chien-Pao,Tornadus,Flutter Mane,,E26
E25,Jaylun's Pomelo Cup Top 4 Team,,Yang Chieh-Lun,,,,Hearthflame Mask,,,Meadow Plate,,,Assault Vest,,,Choice Scarf,,,Mental Herb,,,Booster Energy,,https://pokepast.es/040a0fbf9c85e7be,Yes,Owner's,X,None,25 Sep 2023,Pomelo Cup,Top 4,https://twitter.com/jaylun44/status/1706556225817919811?s=46&t=WmXEnVa3rTSw0P9A0n6S3Q,https://play.limitlesstcg.com/tournament/6507e6c2ef170f0f1b0dfca2/standings,-,jaylun44,,Ogerpon-Hearthflame,Rillaboom,Ursaluna-Bloodmoon,Landorus-Therian,Cresselia,Flutter Mane,,E25
E24,localdingusVGC's Fezandipiti Team,,localdingusVGC,,,,Leftovers,,,Wellspring Mask,,,Assault Vest,,,Safety Goggles,,,Covert Cloak,,,Choice Specs,,https://pokepast.es/03b6faa975063eef,Yes,Extracted,X,None,25 Sep 2023,Tweet,-,https://twitter.com/localdingusVGC/status/1706378731978179071?t=UfnUfO-_hREMEXB-Rm31kg&s=19,-,-,localdingusVGC,,Heatran,Ogerpon-Wellspring,Iron Hands,Cresselia,Fezandipiti,Flutter Mane,,E24
E23,Magnetman's Kommo-o Ogerpon Wellspring Team,,Adryan Sutantoso,,,,Sitrus Berry,,,Wellspring Mask,,,Assault Vest,,,Eviolite,,,Rocky Helmet,,,Throat Spray,,https://pokepast.es/2a2307ede81a4d96,Yes,Owner's,✔,J3MDN6,25 Sep 2023,Tweet,-,https://twitter.com/MagnetmanVGC/status/1706473588549927237?t=soidODGCG5gsUX_VzH2TxA&s=19,-,-,MagnetmanVGC,,Arcanine-Hisui,Ogerpon-Wellspring,Iron Hands,Clefairy,Sinistcha,Kommo-o,,E23
E22,Wolfey's Ogerpon Wellspring Team,,Wolfe Glick,,,,Life Orb,,,Wellspring Mask,,,Assault Vest,,,Choice Scarf,,,Mental Herb,,,Booster Energy,,https://pokepast.es/d8f0132e4e5992da,Yes,Extracted,✔,6CG49K,24 Sep 2023,Video,-,No Tweet,https://youtu.be/9nqv6nMX-Vs?si=GAnKpFHtzNesDhrq,-,WolfeyGlick,,Heatran,Ogerpon-Wellspring,Iron Hands,Landorus-Therian,Cresselia,Flutter Mane,,E22
E21,Nash's Kommo-o Team,,Sanghyeon Na,,,,Choice Band,,,Assault Vest,,,King&#39;s Rock,,,Aguav Berry,,,Sitrus Berry,,,Clear Amulet,,https://pokepast.es/eb8aa454770f6606,Yes,Owner's,✔,188VTR,23 Sep 2023,Video,-,https://twitter.com/nashvgc/status/1705826946184315188?s=46&t=WmXEnVa3rTSw0P9A0n6S3Q,https://youtu.be/r7gAKO6vJoc?si=pkHKNzLLo8LYmu7A,-,nashvgc,,Arcanine-Hisui,Iron Hands,Tornadus,Espeon,Sinistcha-Masterpiece,Kommo-o,,E21
E20,Daibaa's Trainer School Top 16 Team,,Daniel Nuñez,,,,Hearthflame Mask,,,Booster Energy,,,Assault Vest,,,Choice Scarf,,,Rocky Helmet,,,Safety Goggles,,https://pokepast.es/dcc2bec6765f464d,Yes,Extracted,✔,15CRM1,24 Sep 2023,Trainer School,Top 16,https://twitter.com/daibaa_/status/1706010952842227779?s=46&t=WmXEnVa3rTSw0P9A0n6S3Q,-,-,daibaa_,,Ogerpon-Hearthflame,Iron Bundle,Iron Hands,Landorus-Therian,Sinistcha,Kingambit,,E20
E19,Desu's Trainer School Top 4 Team,,Nico Davide Cognetta,,,,Sitrus Berry,,,Assault Vest,,,Focus Sash,,,Safety Goggles,,,Choice Specs,,,Leftovers,,https://pokepast.es/8740e3355c1d2001,Yes,Owner's,X,None,24 Sep 2023,Trainer School,Top 4,https://twitter.com/DesuVGC/status/1706009642659140017,-,-,DesuVGC,,Gastrodon-East,Rillaboom,Chien-Pao,Landorus-Therian,Flutter Mane,Kommo-o,,E19
E18,Ssaancheez's Showdown Ladder 25th Place Team,,Sergio Sanchez,,,,Hearthflame Mask,,,Assault Vest,,,Focus Sash,,,Covert Cloak,,,Choice Specs,,,Choice Band,,https://pokepast.es/f2690a29409d9eab,Yes,Owner's,✔,QTX9BK,24 Sep 2023,Showdown Ladder,25th,https://twitter.com/Ssaancheez/status/1705966479877755252,-,-,Ssaancheez,,Ogerpon-Hearthflame,Rillaboom,Chien-Pao,Tornadus,Flutter Mane,Dragonite,,E18
E17,maikeru's Snorlax Team,,Kotaro Nakagome,,,,Sitrus Berry,,,Choice Scarf,,,Focus Sash,,,Clear Amulet,,,Booster Energy,,,Choice Band,,https://pokepast.es/493e03ac0c3dd7c5,Yes,Extracted,✔,1BKNL5,23 Sep 2023,Tweet,-,https://twitter.com/rep_maikeruvgc/status/1705597135792828877?s=46&t=WmXEnVa3rTSw0P9A0n6S3Q,-,-,rep_maikeruvgc,,Tauros-Paldea-Aqua,Regieleki,Munkidori,Snorlax,Flutter Mane,Dragonite,,E17
E16,KantoClark's JoeUX9 Tour Top 8 Team,,Nicholas Clark,,,,Choice Specs,,,Hearthflame Mask,,,Focus Sash,,,Choice Scarf,,,Covert Cloak,,,Life Orb,,https://pokepast.es/d33dacd815f5b830,Yes,Extracted,✔,R7TFRV,23 Sep 2023,JoeUX9 Tour,Top 8,https://twitter.com/kantoclark/status/1705646555611476222?s=46&t=WmXEnVa3rTSw0P9A0n6S3Q,-,-,kantoclark,,Chi-Yu,Ogerpon-Hearthflame,Chien-Pao,Landorus-Therian,Tornadus,Flutter Mane,,E16
E15,Seongjae's Showdown Ladder 3rd Place Team,,Seongjae Jeong,,,,Hearthflame Mask,,,Focus Sash,,,Assault Vest,,,Throat Spray,,,Choice Scarf,,,Mental Herb,,https://pokepast.es/f30b512bffcf73a7,Yes,Owner's,X,None,23 Sep 2023,Showdown Ladder,3rd,https://twitter.com/nicky030526/status/1703660891923681707?s=46&t=WmXEnVa3rTSw0P9A0n6S3Q,-,-,nicky030526,,Ogerpon-Hearthflame,Chien-Pao,Iron Hands,Ursaluna-Bloodmoon,Landorus-Therian,Cresselia,,E15
E14,Jaylun's Double Grassy Glide Team,,Yang Chieh-Lun,,,,Hearthflame Mask,,,Assault Vest,,,Choice Scarf,,,Focus Sash,,,Rocky Helmet,,,Booster Energy,,https://pokepast.es/22b07255f896b829,Yes,Owner's,✔,D1R4FX,22 Sep 2023,Tweet,-,https://twitter.com/jaylun44/status/1705422812713025640?s=46&t=WmXEnVa3rTSw0P9A0n6S3Q,-,-,jaylun44,,Ogerpon-Hearthflame,Rillaboom,Landorus-Therian,Tornadus,Farigiraf,Flutter Mane,,E14
E13,murasaki's Ogerpon Wellspring Team,,murasaki,,,,Leftovers,,,Wellspring Mask,,,Figy Berry,,,Assault Vest,,,Sitrus Berry,,,Booster Energy,,https://pokepast.es/ec94f94f25c456a3,Yes,Extracted,✔,DFLM7W,21 Sep 2023,Tweet,-,https://twitter.com/murasaki5682/status/1704862501404590577?s=46&t=WmXEnVa3rTSw0P9A0n6S3Q,-,-,murasaki5682,,Heatran,Ogerpon-Wellspring,Rillaboom,Iron Hands,Sinistcha,Flutter Mane,,E13
E12,LegacyVGC's Trick Room Tailwind Team,,Alejandro Jimenez,,,,Leftovers,,,Choice Band,,,Rocky Helmet,,,Covert Cloak,,,Eviolite,,,Choice Specs,,https://pokepast.es/3b63b3cd1b15d6ae,Yes,Extracted,X,None,21 Sep 2023,Tweet,-,https://twitter.com/legacyvgc/status/1704843163469504981?s=46&t=WmXEnVa3rTSw0P9A0n6S3Q,-,-,legacyvgc,,Dondozo,Tyranitar,Indeedee-F,Tornadus,Dusclops,Sylveon,,E12
E11,LegacyVGC's Hard Trick Room Team,,Alejandro Jimenez,,,,Choice Specs,,,Booster Energy,,,Mental Herb,,,Rocky Helmet,,,Wiki Berry,,,Sitrus Berry,,https://pokepast.es/bc53ecf6ef13393b,Yes,Extracted,X,None,21 Sep 2023,Tweet,-,https://twitter.com/legacyvgc/status/1704843163469504981?s=46&t=WmXEnVa3rTSw0P9A0n6S3Q,-,-,legacyvgc,,Torkoal,Iron Hands,Maushold-Four,Weezing-Galar,Farigiraf,Oranguru,,E11
E10,LegacyVGC's Perish Trap Team,,Alejandro Jimenez,,,,Life Orb,,,Focus Sash,,,King&#39;s Rock,,,Sitrus Berry,,,Booster Energy,,,Safety Goggles,,https://pokepast.es/45a0e3ed441d5312,Yes,Extracted,X,None,21 Sep 2023,Tweet,-,https://twitter.com/legacyvgc/status/1704843163469504981?s=46&t=WmXEnVa3rTSw0P9A0n6S3Q,-,-,legacyvgc,,Heatran,Urshifu,Maushold,Gothitelle,Scream Tail,Salamence,,E10
E9,maikeru's Okidogi Team,,Kotaro Nakagome,,,,Hearthflame Mask,,,Focus Sash,,,Assault Vest,,,Wide Lens,,,Mental Herb,,,Choice Specs,,https://pokepast.es/39370015c8490709,Yes,Extracted,✔,2XBN4B,20 Sep 2023,Team Report,-,https://twitter.com/pokemon_gw/status/1704440017358401807?s=46&t=WmXEnVa3rTSw0P9A0n6S3Q,https://gamewith.jp/pokemon-sv/article/show/394122,-,rep_maikeruVGC,,Ogerpon-Hearthflame,Chien-Pao,Okidogi,Landorus-Therian,Tornadus,Flutter Mane,,E9
E8,FCoroado's Ogerpon Team,,Francisco Coroado,,,,Leftovers,,,Sitrus Berry,,,Focus Sash,,,Assault Vest,,,Safety Goggles,,,Pixie Plate,,https://pokepast.es/fa8109d3c12674c3,Yes,Extracted,✔,22KKBJ,20 Sep 2023,Tweet,-,https://twitter.com/fcoroado/status/1704587325525676398?s=46&t=WmXEnVa3rTSw0P9A0n6S3Q,-,-,fcoroado,,Heatran,Gyarados,Ogerpon,Iron Hands,Indeedee-F,Flutter Mane,,E8
E7,Magnetman's Empoleon Sinistcha Team,,Adryan Sutantoso,,,,Life Orb,,,Assault Vest,,,Focus Sash,,,Choice Scarf,,,Covert Cloak,,,Rocky Helmet,,https://pokepast.es/3e0e030c492aa892,Yes,Owner's,✔,H58SPQ,19 Sep 2023,Tweet,-,https://twitter.com/MagnetmanVGC/status/1704333176406213046?t=bshXLkHyFrDNYMlhe-oJyA&s=19,-,-,MagnetmanVGC,,Heatran,Empoleon,Urshifu,Landorus-Therian,Tornadus,Sinistcha,,E7
E6,PlebDoctor's Sun Team,,PlebDoctor,,,,Leftovers,,,Wide Lens,,,Hearthflame Mask,,,Focus Sash,,,Air Balloon,,,Choice Specs,,https://pokepast.es/188304f5791b9d3c,No,Owner's,X,None,17 Sep 2023,Discord,-,Discord Submission,-,-,Manual Entry,,Heatran,Ninetales,Ogerpon-Hearthflame,Lilligant-Hisui,Weezing-Galar,Flutter Mane,,E6
E5,Ryoma's Okidogi Team,,Ryoma Okamoto,,,,Sitrus Berry,,,Mago Berry,,,Leftovers,,,Wiki Berry,,,Light Clay,,,Choice Specs,,https://pokepast.es/a51d27aaa8f69ccc,Yes,Extracted,✔,2RNM4B,17 Sep 2023,Tweet,-,https://twitter.com/ryoma9901_poke/status/1703371646365753735?s=46&t=WmXEnVa3rTSw0P9A0n6S3Q,-,-,ryoma9901_poke,,Volcarona,Rillaboom,Okidogi,Ting-Lu,Sableye,Flutter Mane,,E5
E4,MoxieBoosted's Ursaluna-Bloodmoon Team,,Marcos Perez,,,,Choice Specs,,,Sitrus Berry,,,Assault Vest,,,Throat Spray,,,Mental Herb,,,Booster Energy,,https://pokepast.es/14b725a10b014a47,Yes,Extracted,✔,LMJVL9,16 Sep 2023,Video,-,No Tweet,https://youtu.be/yVepsg5L3qo?si=g_kaeNPx0ZKbeyw1,-,moxieboosted,,Chi-Yu,Amoonguss,Iron Hands,Ursaluna-Bloodmoon,Cresselia,Flutter Mane,,E4
E3,Jaylun's Showdown Ladder 11th Place Team,,Yang Chieh-Lun,,,,Sitrus Berry,,,Choice Scarf,,,Meadow Plate,,,Assault Vest,,,Rocky Helmet,,,Booster Energy,,https://pokepast.es/1f72ac50c3ea5db8,Yes,Owner's,X,None,16 Sep 2023,Showdown Ladder,11th,https://twitter.com/jaylun44/status/1702756352261759195?s=46&t=WmXEnVa3rTSw0P9A0n6S3Q,-,-,jaylun44,,Arcanine-Hisui,Urshifu-Rapid-Strike,Rillaboom,Ursaluna-Bloodmoon,Tornadus,Flutter Mane,,E3
E2,swampert's Cobalt Cup Runner Up Team,,swampert,,,,Choice Band,,,Hearthflame Mask,,,Choice Scarf,,,Focus Sash,,,Covert Cloak,,,Choice Specs,,https://pokepast.es/027b785aa430f57f,Yes,Extracted,✔,L672PF,16 Sep 2023,Cobalt Cup,Runner Up,https://twitter.com/swampert__/status/1703194931328954405?s=46&t=WmXEnVa3rTSw0P9A0n6S3Q,-,-,swampert__,,Arcanine-Hisui,Ogerpon-Hearthflame,Urshifu-Rapid-Strike,Chien-Pao,Tornadus,Flutter Mane,,E2
E1,oBirdy's Volcarona Ogerpon Team,,oBirdy,,,,Choice Band,,,Leftovers,,,Wellspring Mask,,,Assault Vest,,,Rocky Helmet,,,Sitrus Berry,,https://pokepast.es/cb82974c82a56f00,Yes,Owner's,X,None,16 Sep 2023,Discord,-,Discord Submission,-,-,Manual Entry,,Arcanine-Hisui,Volcarona,Ogerpon-Wellspring,Landorus-Therian,Tornadus,Gholdengo,,E1