,VGC2023 Hall of Fame (and Events leading to Worlds 2023),,,,,,,,,,,,,,,,,,,,,,,Links,,Day 1,Day 2,Day 3,,,Backend,,,,,,,,
No.,Official Events,Flag,HIDE,Event Code,Regulation,Date for Sorting,Date,No. of players,No. of Swiss Rounds,"No. of
Top Cut Players",No. of Players w. CP,Players with Invites,VGCPastes Notes,Ctry,HIDE,Winner,,, Team,,,,Organiser,Bracket or Swiss,Event SUMMARY,VODs,VODs,VODs,Others,Tweet,Mon 1,Mon 2,Mon 3,Mon 4,Mon 5,Mon 6,Bracket / Graphic,Link,Region/Online
1,Vancouver Regionals,,Canada,,Reg B,,11-12 Mar 2023,309,9+5,8,64,-,Only event in Canada,,Canada,Abdullah Mohayyuddin,,,,,,,Team Northwest,https://rk9.gg/pairings/8HIYbbqbaWZ1dpj9uQG3,https://victoryroadvgc.com/2023-vancouver/,https://youtu.be/S6qpToqAWyA,https://youtu.be/5-sVhpmtjHo,,https://cut-explorer.stalruth.dev/regional-vancouver,,Torkoal,Lilligant,Great Tusk,Kingambit,Dragonite,Flutter Mane,,,EU
2,Natal Regionals,,Brazil,,Reg B,,11-12 Mar 2023,83,7,8,16,-,First Regionals event in LATAM,,Brazil,Gabriel Agati,,,,,,,Copag Pok√©mon,https://rk9.gg/pairings/NaKAJTF2cJgzF5UfyiO0,https://victoryroadvgc.com/2023-natal/,https://youtu.be/up4EAgWe4Wk,https://youtu.be/eDx7tM4NQno,,,,Arcanine,Garchomp,Amoonguss,Kingambit,Dragonite,Flutter Mane,,,Online
3,Knoxville Regionals,,United States,,Reg B,,25-26 Feb 23,622,9+5,8,128,-,Second Regionals event with Day 2 Swiss Format,,United States,Justin Tang,,,,,,,Day 2 Events,https://rk9.gg/pairings/0pN73b3SizrkohJlZPd6,https://victoryroadvgc.com/2023-knoxville/,https://youtu.be/jq1QmzpyGwM,https://youtu.be/IH4nCTJRXho,,https://cut-explorer.stalruth.dev/regional-knoxville,,Arcanine,Palafin,Amoonguss,iron Hands,Gothitelle,Flutter Mane,,,Online
4,Bochum Regionals,,Germany,,Reg B,,25-26 Feb 23,573,9+5,8,128,-,First Regionals event with Day 2 Swiss Format,,Germany,Markus Stadter,,,,,,,2022 Tournaments,https://rk9.gg/pairings/Ut3nbmM0sUXlyQolPRc3,https://victoryroadvgc.com/2023-bochum/,https://youtube.com/playlist?list=PLAdxOkXjXrPF02jitRw-cBh2rxp8VJ2pe,https://youtube.com/playlist?list=PLAdxOkXjXrPF02jitRw-cBh2rxp8VJ2pe,,https://cut-explorer.stalruth.dev/regional-bochum,,Great Tusk,Iron Bundle,Gothitelle,Iron Hands,Gholdengo,Iron Jugulis,,,NA
5,Oceania International Championships (OCIC),,Australia,,Reg B,,17-19 Feb 23,282,9+5,8,64,-,Horizontal Open Team Sheets,,United States,Gavin Michaels,,,,,,,ESL Australia,https://rk9.gg/pairings/OCpGIIa9m9BGzlZ8B5Gt,https://victoryroadvgc.com/2023-ocic/,https://youtu.be/GSqaioi1zLM,https://youtu.be/ecuCpa5C-LY,https://youtu.be/wqo1ZqBFquw,https://www.pikalytics.com/pokedex/gen9vgc2023series2oceaniainternationalchampionship,https://twitter.com/VGCPastes/status/1627674273488973830,Pelipper,Palafin,Amoonguss,Iron Hands,Baxcalibur,Dragonite,,üîó,ASIA
6,Orlando Regionals,,United States,,Reg B,,4-5 Feb 23,780,10,32,128,-,Printed Open Team Sheets,,United States,Wolfe Glick,,,,,,,Overload Events,https://rk9.gg/pairings/h7kIYruNMePQMy4UZkMj,https://victoryroadvgc.com/2023-orlando/,https://youtu.be/JExXkX6Jzy0,https://youtu.be/tm8x65uRhac,,https://cut-explorer.stalruth.dev/regional-orlando,https://twitter.com/VGCPastes/status/1622630179842699265,Arcanine,Palafin,Amoonguss,Gothitelle,Scream Tail,Flutter Mane,,üîó,Online
7,Liverpool Regionals,,United Kingdom,,Reg A,,21-22 Jan 23,487,9,32,128,-,Printed Open Team Sheets,,United States,Luca Paz,,,,,,,TournamentCenter,https://rk9.gg/pairings/HmWfWFbzLDG5RVOedmuu,https://victoryroadvgc.com/2023-liverpool/,https://youtube.com/playlist?list=PLAdxOkXjXrPF02jitRw-cBh2rxp8VJ2pe,https://youtube.com/playlist?list=PLAdxOkXjXrPF02jitRw-cBh2rxp8VJ2pe,,https://cut-explorer.stalruth.dev/regional-liverpool,https://twitter.com/VGCPastes/status/1617233129043013632,Tatsugiri,Dondozo,Murkrow,Gholdengo,Pawmot,Dragonite,,üîó,OCE
8,San Diego Regionals,,United States,,Reg A,,7-8 Jan 23,531,10,32,128,-,"Largest Tour to date, PRINTED Open Team Sheets",,South Korea,Jiseok Lee,,,,,,,Team Northwest,https://rk9.gg/pairings/df5AzRjKxTb62H7BsbOe,https://victoryroadvgc.com/2023-san-diego/,https://youtu.be/K5pOJlh41kA,https://youtu.be/ghPWWr8kXzo,,https://cut-explorer.stalruth.dev/regional-san-diego,https://twitter.com/VGCPastes/status/1612458509752467456,Garganacl,Tauros-Paldea-Aqua,Mimikyu,Gholdengo,Meowscarada,Baxcalibur,,üîó,EU
9,Tainan Regionals,,Taiwan,,Reg A,,10 Dec 22,109,6,16,-,2 x D2 Nationals,"First Series 1 Tour, No Battle Box Lock",,Taiwan,Tseng Yan-Rong,,,,,,,Pok√©mon Taiwan,https://twitter.com/VGCPastes/status/1601913807621832705,https://victoryroadvgc.com/2023-tainan/,https://youtu.be/GVwLAD18yhs,,,https://docs.google.com/document/d/1vYqHKmZDn1Qtu64KpsXu7IwtNYquSyPytzir7kTp1rI/edit,https://twitter.com/VGCVictoryRoad/status/1601544155129270272,Armarouge,Indeedee-F,Murkrow,Maushold,Meowscarada,Hydreigon,,üîó,Online
10,Taipei Regionals,,Taiwan,,S13,,1 Oct 22,86,6,16,-,2 x D2 Nationals,Only Official Series 13 Tour ever,,Taiwan,Chuang Yu-Peng,,,,,,,Pok√©mon Taiwan,https://media.discordapp.net/attachments/985425382985572362/1051035620262281327/IMG_0245.jpg,https://victoryroadvgc.com/2022/10/01/taipei-reg-results/,https://youtu.be/ifTUKWqi8yU,,,,,Zacian-Crowned,Dialga,Lunala,Yveltal,Kyogre,Regieleki,,üîó,EU
11,London Open,,United Kingdom,,S12,,20-21 Aug 22,364,9,16,64,-,2022 Worlds at London,,Switzerland,Andrea Olea,,,,,,,TPCi,https://rk9.gg/pairings/worlds-2022-open-vgc,https://victoryroadvgc.com/2022/08/24/london-open-results/,https://youtu.be/TnzhUe3-_ag,https://www.youtube.com/playlist?list=PLIuW18EMKp9odE9JEt1c-VnwDplHoP-Hv,,,,Calyrex-Ice,Groudon,Incineroar,Charizard,Grimmsnarl,Regieleki,,üîó,NA
12,,,,,,,,,,,,,,,,,-,-,-,-,-,-,,,,,,,,,,,,,,,,,OCE
13,,,,,,,,,,,,,,,,,-,-,-,-,-,-,,,,,,,,,,,,,,,,,ASIA
14,,,,,,,,,,,,,,,,,-,-,-,-,-,-,,,,,,,,,,,,,,,,,EU
15,,,,,,,,,,,,,,,,,-,-,-,-,-,-,,,,,,,,,,,,,,,,,NA
16,,,,,,,,,,,,,,,,,-,-,-,-,-,-,,,,,,,,,,,,,,,,,ASIA
17,,,,,,,,,,,,,,,,,-,-,-,-,-,-,,,,,,,,,,,,,,,,,ASIA
18,,,,,,,,,,,,,,,,,-,-,-,-,-,-,,,,,,,,,,,,,,,,,EU
19,,,,,,,,,,,,,,,,,-,-,-,-,-,-,,,,,,,,,,,,,,,,,NA
20,,,,,,,,,,,,,,,,,-,-,-,-,-,-,,,,,,,,,,,,,,,,,ASIA
21,,,,,,,,,,,,,,,,,-,-,-,-,-,-,,,,,,,,,,,,,,,,,ASIA
22,,,,,,,,,,,,,,,,,-,-,-,-,-,-,,,,,,,,,,,,,,,,,EU
23,,,,,,,,,,,,,,,,,-,-,-,-,-,-,,,,,,,,,,,,,,,,,LATAM
24,,,,,,,,,,,,,,,,,-,-,-,-,-,-,,,,,,,,,,,,,,,,,OCE
25,,,,,,,,,,,,,,,,,-,-,-,-,-,-,,,,,,,,,,,,,,,,,ASIA
26,,,,,,,,,,,,,,,,,-,-,-,-,-,-,,,,,,,,,,,,,,,,,ASIA
27,,,,,,,,,,,,,,,,,-,-,-,-,-,-,,,,,,,,,,,,,,,,,ASIA
28,,,,,,,,,,,,,,,,,-,-,-,-,-,-,,,,,,,,,,,,,,,,,NA
29,,,,,,,,,,,,,,,,,-,-,-,-,-,-,,,,,,,,,,,,,,,,,NA
30,,,,,,,,,,,,,,,,,-,-,-,-,-,-,,,,,,,,,,,,,,,,,WORLD
31,,,,,,,,,,,,,,,,,-,-,-,-,-,-,,,,,,,,,,,,,,,,,WORLD
,Ranked Battles Seasons,,,,,,,,,,,,,,,,,,,,,,,,,,,,,,,,,,,,,,
1,Season 3 (February),,tpc,,Reg B,,1 Feb - 28 Feb 23,"730,117",-,-,-,-,Pokemon HOME data and stats are READY!,,Japan,Joji Kaieda,,,,,,,TPC,-,-,,,,,https://twitter.com/Suica_0401/status/1630745930604630016,Talonflame,Iron Bundle,Brute Bonnet,Great Tusk,Flutter MAne,Baxcalibur,NA,-,
2,Season 2 (January),,tpc,,Reg A,,6 Jan -31 Jan 23,"870,514",-,-,-,-,Pokemon HOME data and stats are READY!,,Japan,Yuma Kinugawa,,,,,,,TPC,-,-,,,,,https://twitter.com/kinurincipall/status/1620598351262793731,Volcarona,Tatsugiri-Stretchy,Gardevoir,Dondozo,Gholdengo,Sylveon,NA,-,
3,Season 1  (December),,tpc,,Reg A,,1 Dec - 5 Jan 23,"1,227,945",-,-,-,-,Pokemon HOME data and stats are READY!,,Japan,Naoto Mizobuchi,,,,,,,TPC,-,-,,,,,https://twitter.com/penguin2142/status/1610795690791432193,Volcarona,Tatsugiri-Stretchy,Meowscarada,Dondozo,Gholdengo,Baxcalibur,NA,-,
4,,,,,,,,,,,,,,,,,-,-,-,-,-,-,,,,,,,,,,,,,,,,,
5,,,,,,,,,,,,,,,,,-,-,-,-,-,-,,,,,,,,,,,,,,,,,
"üêπ Grassroots Events, Most Recent and Most Notable on Top",,,,,,,,,,,,,,,,,,,,,,,,,,,,,,,,,,,,,,,
1,Nino Friendly Fight #66,,Nino,,Reg C,,10 Mar 23,115,7,23,-,-,"Online, Cart, BO3, Open Sheets",,italy,Sanvy,,,,,,,@ninopokebros,https://play.limitlesstcg.com/tournament/ff66/standings,No Tweet,No Stream,,,,,Chi-yu,Wo-Chien,Palafin,Ting-lu,Iron Hands,Flutter Mane,-,-,
2,The Leafeon Cup (VGC),,Kai,,Reg B,,10 Mar 23,59,6,8,-,-,"Online, Cart, BO3, Open Sheets",,Germany,MichaelderBeste,,,,,,,@KaiTheProfeessor,https://play.limitlesstcg.com/tournament/63e800ed2fb42a11441f4950/standings,No Tweet,No Stream,,,,,Torkoal,Brute Bonnet,Iron Bundle,Roaring Moon,Great Tusk,Flutter Mane,-,-,
3,"Beanie Brawl: Wooper Wednesdays #8",,Bean,,Reg B,,8 Mar 23,119,7,8,-,-,"Online, Cart, BO3, Open Sheets",,Spain,Flamesillooo,,,,,,,@thatguyinabeani,https://play.limitlesstcg.com/tournament/wooper-wednesdays-8/standings,No Tweet,No Stream,,,,,Torkoal,Armarouge,Annihilape,Kingambit,Hatterene,Indeedee-f,-,-,
4,VGC 2023; Valiant Vancouver Practice,,Canada,,Reg B,,5 Mar 23,99,6,16,-,-,"Online, Cart, BO3, Open Sheets",,Canada,sempra,,,,,,,No Twitter,https://play.limitlesstcg.com/tournament/63f9384f2fb42a11441fa8ba/details,No Tweet,No Stream,,,,,Torkoal,Lilligant,Great Tusk,Dragonite,Kingambit,Flutter mane,-,-,
5,Rose Tower 2023 Clash 1,,Rose,,Reg B,,4 Mar 23,227,8,27,-,-,"Online, Cart, BO3, Open Sheets",,Argentina,Juanfi,,,,,,,@RoseTowerVGC,https://play.limitlesstcg.com/tournament/63ff88822fb42a11441fca1d/details,No Tweet,No Stream,,,,,arcanine,amoonguss,iron bundle,roaring moon,iron hands,gholdengo,-,-,
6,The Jolteon Cup (VGC),,Kai,,Reg B,,3 Mar 23,74,7,8,-,-,"Online, Cart, BO3, Open Sheets",?,,Arch11Heretic,,,,,,,@KaiTheProfeessor,https://play.limitlesstcg.com/tournament/63e55a31c745f505d3fcc07c/details,No Tweet,No Stream,,,,,amoonguss,palafin,pelipper,iron hands,baxcalibur,flutter mane,-,-,
7,Beanie Brawl: Wooper Wednesdays #7,,Bean,,Reg B,,1 Mar 23,102,7,8,-,-,"Online, Cart, BO3, Open Sheets",?,,Ryn,,,,,,,@thatguyinabeani,https://play.limitlesstcg.com/tournament/wooper-wednesdays-7/details,No Tweet,No Stream,,,,,iron bundle,annihilape,maushold,roaring moon,gholdengo,mimikyu,-,-,
8,Helping Hands Monthly Mayhem 3,,United States,,Reg B,,25 Feb 23,52,6,16,-,-,"Online, Cart, BO3, Open Sheets",?,Mexico,Cansecochann1994,,,,,,,@HelpingHandsVGC,https://play.limitlesstcg.com/tournament/63c64f58f61c172bc031cb38/details,No Tweet,No Stream,,,,,amoonguss,palafin,pelipper,iron hands,baxcalibur,gholdengo,-,-,
9,Castelia Challenge #5,,United States,,Reg B,,23 Feb 23,62,6,16,-,-,"Online, Cart, BO3, Open Sheets",?,Panama,LMagician,,,,,,,@Casteliatv,https://play.limitlesstcg.com/tournament/63f52cae2fb42a11441f93a0/details,No Tweet,No Stream,,,,,armarouge,iron bundle,iron hands,great tusk,gholdengo,flutter mane,-,-,
10,"Beanie Brawl: Wooper Wednesdays #6",,Bean,,Reg B,,22 Feb 23,123,7,8,-,-,"Online, Cart, BO3, Open Sheets",,Austria,Zero15,,,,,,,@thatguyinabeani,https://play.limitlesstcg.com/tournament/wooper-wednesdays-6/details,No Tweet,No Stream,,,,,arcanine,brute bonnet,rotom-wash,dragonite,gholdengo,flutter mane,-,-,
11,S&V Neme Weekly S2 Tour #14,,Neme,,Reg B,,20 Feb 23,64,6,8,-,-,"Online, Cart, BO3, Open Sheets",,Chile,FENIX,,,,,,,@IRNemesis,https://play.limitlesstcg.com/tournament/63f232d32fb42a11441f834f/details,No Tweet,No Stream,,,,,Armarouge,Brute Bonnet,Gastrodon,squawkabilly,iron thorns,indeedee-f,-,-,
12,ReaperBattles Weekly Tour #2,,Puerto Rico,,Reg B,,19 Feb 23,54,6,8,-,-,"Online, Cart, BO3, Open Sheets",,United States,Patillac,,,,,,,@ReaperBattles,https://play.limitlesstcg.com/tournament/63ebfeeb2fb42a11441f5fe3/details,No Tweet,No Stream,,,,,Armarouge,Brute Bonnet,annihilape,maushold,Roaring Moon,indeedee-f,-,-,
13,VGC 2023 Knoxville regionals practice,,United States,,Reg B,,19 Feb 23,74,6,16,-,-,"Online, Cart, BO3, Open Sheets",,France,KidKat,,,,,,,No Twitter,https://play.limitlesstcg.com/tournament/63ecf4212fb42a11441f6649/details,No Tweet,No Stream,,,,,Volcarona,brute bonnet,great tusk,glimmora,kingambit,Flutter Mane,-,-,
14,"The Wide League Knoxville Rumble
",,WD,,Reg B,,18 Feb 23,63,6,20,-,-,"Online, Cart, BO3, Open Sheets",,Canada,NJ11,,,,,,,@The Wide League,https://play.limitlesstcg.com/tournament/63dd31f1c745f505d3fc8fb8/details,No Tweet,No Stream,,,,,volcarona,amoonguss,iron bundle,great tusk,kingambit,mimikyu,-,-,
15,"Beanie Brawl: Knock Off Knoxville
",,Bean,,Reg B,,18 Feb 23,307,13,8,-,-,"Online, Cart, BO3, Open Sheets",?,,Powertxo,,,,,,,@thatguyinabeani,https://play.limitlesstcg.com/tournament/knock-off-knoxville/details,No Tweet,No Stream,,,,,Amoonguss,Palafin,Pelipper,Iron Hands,Dragonite,Baxcalibur,-,-,
16,Castelia Challenge #4,,United States,,Reg B,,15 Feb 23,66,5,32,-,-,"Online, Cart, BO3, Open Sheets",?,Panama,LMagician,,,,,,,@Casteliatv,https://play.limitlesstcg.com/tournament/63ea86d72fb42a11441f5742/details,No Tweet,No Stream,,,,,Arcanine,Iron Bundle,Annihilape,Iron Hands,Flutter Mane,Grimmsnarl,-,-,
17,The Luvdisc Special (VGC),,Kai,,Reg B,,15 Feb 23,50,6,8,-,-,"Online, Cart, BO3, Open Sheets",,Germany,MichaelderBeste,,,,,,,@KaiTheProfeessor,https://play.limitlesstcg.com/tournament/63e19ba1c745f505d3fcabaa/details,No Tweet,No Stream,,,,,Talonflame,iron bundle,great tusk,tyranitar,dragonite,Flutter Mane,-,-,
18,Pok√©mon Battle Fortress VGC #1,,Germany,,Reg B,,12 Feb 23,96,7,18,-,-,"Online, Cart, BO3, Open Sheets",,Germany,Delta,,,,,,,@Squirlyvgc,https://play.limitlesstcg.com/tournament/63e031edc745f505d3fca768/details,No Tweet,No Stream,,,,,Talonflame,Gastrodon,honchkrow,great tusk,gholdengo,flutter mane,-,-,
19,"The Wide League Saturday Night Rumble #5
",,WD,,Reg B,,11 Feb 23,80,7,16,-,-,"Online, Cart, BO3, Open Sheets",,United States,Conkledonk,,,,,,,@The Wide League,https://play.limitlesstcg.com/tournament/63dfecafc745f505d3fca600/details,No Tweet,No Stream,,,,,Armarouge,Torkoal,Annihilape,Roaring Moon,Hatterene,indeedee-f,-,-,
20,"Rose Tower 2023 Opening Open",,Rose,,Reg B,,11 Feb 23,333,9,27,-,-,"Online, Cart, BO3, Open Sheets",,United States,ScarletSkill,,,,,,,@RoseTowerVGC,https://play.limitlesstcg.com/tournament/rose-tower-opening-23/details,No Tweet,No Stream,,,,,Tauros-Paldea-Blaze,Amoonguss,Iron Bundle,Roaring Moon,Baxcalibur,Sandy Shocks,-,-,
21,Superior VGC's: Monthly Rumble #1,,United States,,Reg B,,11 Feb 23,58,6,8,-,-,"Online, Cart, BO3, Open Sheets",,United Kingdom,MattManectric,,,,,,,@SuperiorVGC,https://play.limitlesstcg.com/tournament/63c9d50af61c172bc031de8a/details,No Tweet,No Stream,,,,,Armarouge,Torkoal,Krookodile,Kingambit,Hatterene,Indeedee-f,-,-,
22,Hatterene Series SV #2 APAC,,Hatt,,Reg B,,10 Feb 23,48,6,14,-,-,"Online, Cart, BO3, Open Sheets",,Australia,Karaikou,,,,,,,@HattereneSeries,https://play.limitlesstcg.com/tournament/63d8292031c92b05d27e6f86/details,No Tweet,No Stream,,,,,Iron bundle,dondozo,tatsugiri,glimmora,great tusk,flutter mane,-,-,
23,"Nino Scarlet/Violet FF #65",,Nino,,Reg B,,10 Feb 23,311,9,24,-,-,"Online, Cart, BO3, Open Sheets",,Canada,200 Candies,,,,,,,@ninopokebros,https://play.limitlesstcg.com/tournament/nino-ff65/details,No Tweet,No Stream,,,,,Amoonguss,Iron Bundle,Garganacl,Roaring Moon,Iron HANDS,Mimikyu,-,-,
24,"Beanie Brawl: Wooper Wednesdays #5",,Bean,,Reg B,,8 Feb 23,109,7,8,-,-,"Online, Cart, BO3, Open Sheets",,United States,Atmosphere,,,,,,,@thatguyinabeani,https://play.limitlesstcg.com/tournament/wooper-wednesdays-5/standings,No Tweet,No Stream,,,,,Iron Moth,Torkoal,Brute Bonnet,Murkrow,Farigiraf,Flutter Mane,-,-,
25,The Sprout Tower Weekly #1,,Italy,,Reg B,,8 Feb 23,63,7,8,-,-,"Online, Cart, BO3, Open Sheets",,Italy,HahaDeiv,,,,,,,@QuagSimon,https://play.limitlesstcg.com/tournament/63de9713c745f505d3fc9be9/details,No Tweet,No Stream,,,,,Iron Bundle,Tyranitar,Great Tusk,Annihilape,Maushold,Mimikyu,-,-,
26,VGC THESE HANDS #2,,Germany,,Reg B,,5 Feb 23,64,7,8,-,-,"Online, Cart, BO3, Open Sheets",,Japan,Ike,,,,,,,@Shmonstah,https://play.limitlesstcg.com/tournament/63c712e1f61c172bc031cd19/details,No Tweet,No Stream,,,,,Amoonguss,iRON Bundle,Garganacl,Annihilape,Maushold,Gholdengo,-,-,
27,"The Wide League Saturday Night Rumble #4",,WD,,Reg B,,4 Feb 23,50,7,11,-,-,"Online, Cart, BO3, Open Sheets",,Japan,Ando,,,,,,,The Wide League,https://play.limitlesstcg.com/tournament/63d954c331c92b05d27e7470/details,No Tweet,No Stream,,,,,Iron Moth,Iron Bundle,Iron Thorns,Murkrow,Great Tusk,Flutter Mane,-,-,
28,"The Glaceon Cup (VGC)",,Kai,,Reg B,,4 Feb 23,78,7,8,-,-,"Online, Cart, BO3, Open Sheets",,United Kingdom,EdMachina,,,,,,,@KaiTheProfeessor,https://play.limitlesstcg.com/tournament/63c9951af61c172bc031dd58/details,No Tweet,No Stream,,,,,Armarouge,Meowscarada,Dondozo,Tatsugiri,Iron Hands,Indeedee-F,-,-,
29,"Bochum Regional Preparation VGC Tour",,Germany,,Reg B,,4 Feb 23,81,7,16,-,-,"Online, Cart, BO3, Open Sheets",,United Kingdom,Damahni Palmer,,,,,,,London Corviknights,https://play.limitlesstcg.com/tournament/63d2e31b31c92b05d27e4220/details,No Tweet,No Stream,,,,,Iron Moth,Brute Bonnet,Dondozo,Tatsugiri,Iron Hands,Flutter Mane,-,-,
30,VGC Brasil Weekly Tour #3,,Brazil,,Reg B,,2 Feb 23,14,5,8,-,-,"Online, Cart, BO3, Open Sheets",,Brazil,Jefferson Camelo,,,,,,,@VGC_Brasil,https://play.limitlesstcg.com/tournament/63d7de0d31c92b05d27e6d63/details,https://twitter.com/VGC_Brasil/status/1621633846838968320,,,,,https://twitter.com/VGC_Brasil/status/1621633846838968320,Arcanine,Indeedee-F,Glimmora,Sylveon,Kingambit,Roaring Moon,,üîó,
31,Odric's Paldean Hitmontour #4,,Venezuela,,Reg B,,2 Feb 23,14,4,-,-,-,"Online, BO3, Open Sheets, NO TOP CUT",,Spain,Vede,,,,,,,@OdricGG,https://play.limitlesstcg.com/tournament/63dbced25d6720322f94cf3d/details,No Tweet,No Stream,,,,No Tweet,Arcanine,Iron Bundle,Garganacl,Iron Hands,Baxcalibur,Flutter Mane,-,-,
32,Warrior Tour #2 (Bochum Prep),,Germany,,Reg B,,2 Feb 23,91,7,16,(X-2 Cut),-,"Online, Cart, BO3, Open Sheets",,United States,Kosta K,,,,,,,@WARRIORESPORT_,https://play.limitlesstcg.com/tournament/63d519ce31c92b05d27e567d/details,No Tweet,No Stream,,,,https://twitter.com/KostaKalamaris/status/1621322029566664709,Volcarona,Sandy Shocks,Meowscarada,Mimikyu,Baxcalibur,Garganacl,,-,
33,Tri-Attack Freeze Battles #1,,Brazil,,Reg B,,1 Feb 23,13,6,-,-,-,"Online, BO3, Open Sheets, NO TOP CUT",,Brazil,Tiagoo,,,,,,,@Kymi,https://play.limitlesstcg.com/tournament/63d17206f61c172bc0320eb7/details,No Tweet,No Stream,,,,No Tweet,Arcanine,Gastrodon,Corviknight,Kingambit,Dragonite,Flutter Mane,-,-,
34,Beanie Brawl: Wooper Wednesdays #4,,Beanie,,Reg B,,1 Feb 23,134,8,8,-,-,"Online, Cart, BO3, Open Sheets",,United States,Joseph Ugarte,,,,,,,@thatguyinabeani,https://play.limitlesstcg.com/tournament/63d5fa0631c92b05d27e62bf/details,Soon,No Stream,,,,Soon,Arcanine,Iron Bundle,Meowscarada,Mimikyu,Iron Hands,Garganacl,-,-,
35,DuranzTV Tour #8 (Road to Orlando),,United States,,Reg B,,31 Jan 23,76,6,16,-,-,"Online, Cart, BO1 Swiss, BO3 Cut, Open Sheets",,United States,hoodieloco,,,,,,,@Jondurannn,https://play.limitlesstcg.com/tournament/63d82da031c92b05d27e6faa/details,No Tweet,No Stream,,,,No Tweet,Pawmot,Tatsugiri,Dondozo,Murkrow,Gholdengo,Great Tusk,-,-,
36,MausTour Weekly #2,,Maus,,Reg B,,31 Jan 23,72,7,8,-,-,"Online, Cart, BO3, Open Sheets",,The Netherlands,SanderVGC,,,,,,,@MausTour,https://play.limitlesstcg.com/tournament/63d15a16f61c172bc0320e54/details,https://twitter.com/MausTour/status/1620565975174377472,No Stream,,,,https://twitter.com/MausTour/status/1620565975174377472,Pelipper,Palafin,Amoonguss,Gholdengo,Iron Hands,Roaring Moon,,üîó,
37,Tommy's Practice Tour #6,,United States,,Reg B,,31 Jan 23,38,5,-,-,-,"Online, BO3, Open Sheets, NO TOP CUT",,United States,Bopper,,,,,,,@TomHayden27,https://play.limitlesstcg.com/tournament/63c76f46f61c172bc031d252/details,https://twitter.com/TomHayden27/status/1620636312796803073,No Stream,,,,https://twitter.com/TomHayden27/status/1620636312796803073,Armarouge,Indeedee-F,Brute Bonnet,Glimmora,Iron Hands,Flutter Mane,,üîó,
38,SV Neme Weekly Tour #11,,Neme,,Reg B,,31 Jan 23,37,5,8,-,-,"Online, Cart, BO3, Open Sheets",,Colombia,Gustavo Lozano,,,,,,,@IRNemesis,https://battlefy.com/irgamers/scarlet-violet-neme-weekly-s2-tour-10/63cd4a8f3ad63f0f2bc9583b/info?infoTab=details,https://twitter.com/IRNemesis/status/1622677241506238479,No Stream,,,,https://twitter.com/IRNemesis/status/1622677241506238479,Great Tusk,Iron Bundle,Amoonguss,Sylveon,Iron Hands,Garganacl,,üîó,
39,Palkia Academy Tour #6,,BD,,Reg B,,31 Jan 23,20,5,4,-,-,"Online, BO3, Open Sheets",,United States,Killua,,,,,,,@BauerdadVGC,https://play.limitlesstcg.com/tournament/63d4988c31c92b05d27e5394/details,https://twitter.com/BauerdadVGC/status/1620652206675623936,No VODs,,,,https://twitter.com/BauerdadVGC/status/1620652206675623936,Armarouge,Indeedee-F,iron Bundle,Abomasnow,Tatsugiri,Dondozo,,üîó,
40,VGC-SP Brazil Local Event,,Brazil,,Reg B,,29 Jan 23,25,,,,,,,,Gabriel Agati,-,-,-,-,-,-,@VGC_Brasil,https://pairings.playlatam.net/roster/hK15sG,https://twitter.com/Kyri_Pokeflute/status/1623089851896676352,,,,,https://twitter.com/Kyri_Pokeflute/status/1623089851896676352,,,,,,,,üîó,
41,Beanie Brawl Order Up Orlando (#2),,Beanie,,Reg B,,29 Jan 23,304,9,16,-,-,"Online, Cart, BO3, Open Sheets",,Spain,JMOdri,,,,,,,@thatguyinabeani,https://play.limitlesstcg.com/tournament/order-up-orlando/details,Soon,No Stream,,,,https://twitter.com/JMOdriVGC/status/1619773849880637440,Salazzle,Iron Bundle,Amoonguss,Kingambit,Mimikyu,Roaring Moon,Soon,-,
42,Meowscarada Challenge #2,,Meow,,Reg B,,29 Jan 23,66,6,16,-,-,"Online, Cart, BO3, Open Sheets",,Chile,JaiDonkin,,,,,,,@ShoVasquez,https://play.limitlesstcg.com/tournament/63c9ffaaf61c172bc031e0fe/details,https://twitter.com/ShoVasquez/status/1621340526929666050,No Stream,,,https://twitter.com/DonkinDo/status/1619876338411925505,https://twitter.com/ShoVasquez/status/1621340526929666050,Arcanine,Iron Bundle,Abomasnow,Great Tusk,Iron Hands,Dragalge,,üîó,
43,Gabby's Sunday Stroll #1,,Gabby,,Reg B,,29 Jan 23,59,4,-,-,-,"Online, BO3, Open Sheets, NO TOP CUT",,Germany,VioPhoenix,,,,,,,@GabbySnyder,https://play.limitlesstcg.com/tournament/63d055d1f61c172bc03205c2/details,No Tweet,No Stream,,,,No Tweet,Arcanine,Iron Bundle,Great Tusk,Gholdengo,Iron Hands,Sylveon,-,-,
44,Indonesia Local at Jakarta,,Indonesia,,Reg B,,29 Jan 23,40,6,8,-,-,"In-person, BO3, Open Sheets",,Indonesia,Aldrich Yan,,,,,,,PKMN ID,https://pbs.twimg.com/media/Fnpcc4vaMAAAXYi?format=png&name=900x900,https://twitter.com/AldrichYan/status/1619712179053400065,No Stream,,,,https://twitter.com/AldrichYan/status/1619712179053400065,Iron Moth,Indeedee-F,Lycanroc,Tyranitar,Gholdengo,Flutter Mane,-,-,
45,Pico Rivera Local #5,,United States,,Reg B,,29 Jan 23,36,6,8,-,-,"In-person, BO3, Open Sheets",,United States,Giovanni Costa,,,,,,,@pokemonlabs,No Link,https://twitter.com/TtvPOWgaming/status/1620119658907975680,https://www.twitch.tv/videos/1722402023,,,,https://twitter.com/TtvPOWgaming/status/1620119658907975680,Talonflame,Scream Tail,Meowscarada,Great Tusk,Gholdengo,Dragonite,,üîó,
46,ReaperBattles Tour #2,,puerto rico,,Reg B,,29 Jan 23,34,5,8,-,-,"Online, Cart, BO3, Open Sheets",,Australia,Jack Lloyd,,,,,,,ReaperBattlesVGC,https://play.limitlesstcg.com/tournament/63cc3d9bf61c172bc031f041/details,https://twitter.com/ReaperBattles/status/1620041852102799366,No Stream,,,,https://twitter.com/ReaperBattles/status/1620041852102799366,Baxcalibur,Iron Bundle,Mimikyu,Garganacl,Iron Hands,Roaring Moon,,üîó,
47,Jaffer's Community Night #2,,United States,,Reg B,,29 Jan 23,20,5,8,-,-,"Online, Cart, BO3, Open Sheets",,United States,Brezzy43,,,,,,,@JafferTTV,https://play.limitlesstcg.com/tournament/63cb6260f61c172bc031e832/details,No Tweet,No Stream,,,,No Tweet,Arcanine,Iron Bundle,Amoonguss,Garganacl,Gholdengo,Roaring Moon,-,-,
48,Pok√©moem SV Round #4,,South Korea,,Reg B,,29 Jan 23,11,4,4,-,-,"Online, Cart, BO3, Open Sheets",,South Korea,OPENER,,,,,,,@JustBestRyuna,https://pokemoem.com/competition/119,https://twitter.com/JustBestRyuna/status/1619731179372183553,No Stream,,,,https://twitter.com/JustBestRyuna/status/1619731179372183553,Arcanine,Iron Bundle,Amoonguss,Garganacl,Iron Hands,Roaring Moon,,üîó,
49,Hatterene Series SV #1,,Hatt,,Reg B,,28-29 Jan 23,88,7,20,(X-2 Cut),-,"Online, Cart, BO3, Open Sheets",,United Kingdom,XenoVGC,,,,,,,@HattereneSeries,https://play.limitlesstcg.com/tournament/hattseriessv1/details,https://victoryroadvgc.com/hatterene-series-sv1/,https://www.twitch.tv/videos/1721080837,https://www.twitch.tv/videos/1722159428,,,https://twitter.com/VGCPastes/status/1620421776646742018,Arcanine,Iron Bundle,Garganacl,Baxcalibur,Iron Hands,Flutter Mane,,üîó,
50,The Wide League Saturday #3,,WD,,Reg B,,28 Jan 23,109,7,22,(X-2 Cut),-,"Online, Cart, BO1 Swiss, BO3 Cut, Open Sheets",,United States,patcon5,,,,,,,The Wide League,https://play.limitlesstcg.com/tournament/63cebafcf61c172bc031ff08/details,https://twitter.com/TheWideLeague/status/1620480107684167680,No Stream,,,,https://twitter.com/TheWideLeague/status/1620480107684167680,Arcanine,Tatsugiri,Brute Bonnet,Dondozo,Iron Hands,Gothitelle,,üîó,
51,Helping Hands Tour #3,,Pokeball,,Reg B,,28 Jan 23,37,6,8,-,-,"Online, Cart, BO3, Open Sheets",,Panam√°,7illo,,,,,,,Helping Hands,https://play.limitlesstcg.com/tournament/63b4c2befa281305be50efbd/details,No Tweet,No Stream,,,,No Tweet,Armarouge,Indeedee-F,Amoonguss,Volcarona,Iron Hands,Gastrodon,-,-,
52,Georgia Local #1,,United States,,Reg B,,28 Jan,33,5,8,-,-,"In-person, BO3, Open Sheets",,United States,Chance Hinds,,,,,,,@PowerTrickEvent,No Link,https://twitter.com/PowerTrickEvent/status/1620256762439016448,No Stream,,,Winning OTS: https://pokepast.es/0137771187a300b8,https://twitter.com/PowerTrickEvent/status/1620256762439016448,Annihilape,Meowscarada,Amoonguss,Great Tusk,Sableye,Tyranitar,,üîó,
53,Gabby and Chalkey's Mini Local Tour,,Gabby,,Reg B,,28 Jan 23,5,3,-,-,-,"In-person, BO3, Open Sheets",,United States,Maeve O'Rourke,,,,,,,@GabbySnyder,No Link,https://twitter.com/GabbySnyder/status/1619359068904378376,No Stream,,,,https://twitter.com/MaeveODork/status/1619378027028422656,Pelipper,Palafin,Amoonguss,Tinkaton,Iron Hands,Iron Jugulis,-,-,
54,NinoPokeBros FF#64,,Nino,,Reg B,,27 Jan 23,452,9,38,(X-2 Cut),-,"Online, Cart, BO1 Swiss, BO3 Cut, Open Sheets",,United States,Justin Burns,,,,,,,@ninopokebros,https://play.limitlesstcg.com/tournament/63cdff9af61c172bc031fdc5/details,https://twitter.com/ninopokebros/status/1619449031683633152,No Stream,,,,https://twitter.com/ninopokebros/status/1619449031683633152,Arcanine,Palafin,Amoonguss,Gothitelle,Iron Hands,Flutter Mane,,üîó,
55,NPA Pop Up #2,,NPA,,Reg B,,27 Jan 23,30,6,10,(X-2 Cut),-,"Online, Cart, BO1 Swiss, BO3 Cut, Open Sheets",,South Korea,jhin,,,,,,,NPA,https://play.limitlesstcg.com/tournament/63d18fe7f61c172bc0320fc2/details,https://twitter.com/npacommish/status/1619095917331906561,No Stream,,,,https://twitter.com/npacommish/status/1619095917331906561,Armarouge,Indeedee-F,Torkoal,Kingambit,Annihilape,Hatterene,,üîó,
56,NPA Pop Up #1,,NPA,,Reg B,,26 Jan 23,35,6,11,(X-2 Cut),-,"Online, Cart, BO1 Swiss, BO3 Cut, Open Sheets",,South Korea,Jiseok Lee,,,,,,,NPA,https://play.limitlesstcg.com/tournament/63d183e3f61c172bc0320f52/details,https://twitter.com/npacommish/status/1619095917331906561,No Stream,,,,https://twitter.com/npacommish/status/1619095917331906561,Garganacl,Tauros-Paldea-Aqua,Mimikyu,Gholdengo,Meowscarada,Baxcalibur,,üîó,
57,VGC Brasil Weekly Tour #2,,Brazil,,Reg B,,26 Jan 23,22,5,8,-,-,"Online, Cart, BO3, Open Sheets",,Brazil,Gabriel Agati,,,,,,,@VGC_Brasil,https://www.communitygaming.io/tournament/pokemon-vgc-brasil-jan-2023,https://twitter.com/VGC_Brasil/status/1619003158549897219,,,,,https://twitter.com/VGC_Brasil/status/1619003158549897219,Arcanine,Dragonite,Amoonguss,Kingambit,Garchomp,Flutter Mane,,üîó,
58,Pokevents Online Tour #1,,France,,Reg B,,27 Jan 23,12,4,4,-,-,"Online, Cart, BO3, Open Sheets",,France,Bouteille,,,,,,,Pokevents,https://play.limitlesstcg.com/tournament/63c84d83f61c172bc031d58a/details,https://twitter.com/EventsPoke/status/1619088850885672960,No Stream,,,,https://twitter.com/EventsPoke/status/1619088850885672960,Dragonite,Gastrodon,Sylveon,Gholdengo,Kilowattrel,Garchomp,,üîó,
59,Avaddov Battle Arcade #1,,Israel,,Reg B,,26 Jan 23,64,7,23,(X-3 Cut),-,"Online, Cart, BO3, Open Sheets",,United States,Atmosphere,,,,,,,@Avaddov,https://play.limitlesstcg.com/tournament/63c0a871fa281305be51278d/details,https://twitter.com/Avaddov/status/1619374167320821760,No Stream,,,,https://twitter.com/Avaddov/status/1619374167320821760,Armarouge,Iron Bundle,Indeedee-F,Abomasnow,Annihilape,Roaring Moon,,üîó,
60,DuranzTV Tour #7,,United States,,Reg B,,26 Jan 23,38,6,8,-,-,"Online, Cart, BO3, Open Sheets",,United States,DeagleBeagle,,,,,,,@Jondurannn,https://play.limitlesstcg.com/tournament/63cf4004f61c172bc03201f0/details,No Tweet,No Stream,,,,https://twitter.com/Powersmurf007/status/1618832674948513792,Talonflame,Indeedee-F,Maushold-Four,Sandy Shocks,Tyranitar,Flutter Mane,,,
61,Beanie Brawl: Wooper Wednesdays #3,,Beanie,,Reg B,,25 Jan 23,193,8,8,-,-,"Online, Cart, BO3, Open Sheets",,United States,Kosta K,,,,,,,@thatguyinabeani,https://play.limitlesstcg.com/tournament/63b61c1cfa281305be50f805/details,https://twitter.com/thatguyinabeani/status/1618818159620026370,No Stream,,,,https://twitter.com/thatguyinabeani/status/1618818159620026370,Volcarona,Sandy Shocks,Meowscarada,Garganacl,Mimikyu,Baxcalibur,,üîó,
62,RT23 Mt Silver #2,,MS,,Reg B,,25 Jan 23,30,5,15,(X-2 Cut),-,"Online, Cart, BO3, Open Sheets",,Greece,Liakos,,,,,,,@MtSilverVGC,https://play.limitlesstcg.com/tournament/63d0e399f61c172bc0320cbf/details,No Tweet,No Stream,,,,https://twitter.com/LiakosRfg/status/1618625893437698049,Volcarona,Rotom-Wash,Amoonguss,Garganacl,Iron Hands,Flutter Mane,,üîó,
63,Tommy's Practice Tour #5,,United States,,Reg B,,24 Jan 23,52,5,-,-,-,"Online, BO3, Open Sheets, NO TOP CUT",,United States,Giovanni Cischke,,,,,,,@TomHayden27,https://play.limitlesstcg.com/tournament/63c76ea9f61c172bc031d251/details,https://twitter.com/TomHayden27/status/1618104072976101377,No Stream,,,,https://twitter.com/TomHayden27/status/1618104072976101377,Arcanine,Iron Bundle,Amoonguss,Gholdengo,Great Tusk,Roaring Moon,,üîó,
64,SV Neme Weekly Tour #10,,Neme,,Reg B,,23 Jan 23,40,5,8,-,-,"Online, Cart, BO3, Open Sheets",,Colombia,Yata,,,,,,,@IRNemesis,https://battlefy.com/irgamers/scarlet-violet-neme-weekly-s2-tour-10/63cd4a8f3ad63f0f2bc9583b/info?infoTab=details,https://twitter.com/IRNemesis/status/1620185921474932738,No Stream,,,,https://twitter.com/IRNemesis/status/1620185921474932738,Rotom-Heat,Tatsugiri,Dondozo,Kingambit,Great Tusk,Flutter Mane,,üîó,
65,PokeVillage Tour #4,,United States,,Reg B,,22 Jan 23,86,6,24,(X-2 Cut),-,"Online, Cart, BO3, Open Sheets",,Brazil,VOVOMAXBEN10,,,,,,,@alexander7vgc,https://play.limitlesstcg.com/tournament/63c19f70fa281305be512ad4/details,No Tweet,No Stream,,,,No Tweet,Armarouge,Indeedee-F,Iron Bundle,Murkrow,Gholdengo,Tauros-Paldea-Aqua,-,-,
66,Tommy's Practice Tour (Sunday) #4,,United States,,Reg B,,22 Jan 23,27,6,8,-,-,"Online, Cart, BO3, Open Sheets",,Philippines,RamuzVGC,,,,,,,@TomHayden27,https://play.limitlesstcg.com/tournament/63c9e2acf61c172bc031df73/details,https://twitter.com/TomHayden27/status/1617235024750997505,No Stream,,,,https://twitter.com/TomHayden27/status/1617235024750997505,Armarouge,Indeedee-F,Maushold-Four,Murkrow,Great Tusk,Flutter Mane,,üîó,
67,NinoPokeBros FF#63,,Nino,,Reg B,,21 Jan 23,468,9,33,(X-2 Cut),-,"Online, Cart, BO3, Open Sheets",,United States,Ally,,,,,,,@ninopokebros,https://play.limitlesstcg.com/tournament/63c22357fa281305be513557/details,https://twitter.com/ninopokebros/status/1617492352163057667,https://youtu.be/A37HzufBB0M,,,,https://twitter.com/ninopokebros/status/1617492352163057667,Arcanine,Gastrodon,Grimmsnarl,Corviknight,Iron Hands,Sylveon,,üîó,
68,The Wide League Saturday #2,,WD,,Reg B,,21 Jan 23,111,7,23,(X-2 Cut),-,"Online, Cart, BO3, Open Sheets",,United States,sheik,,,,,,,The Wide League,https://play.limitlesstcg.com/tournament/63c500cef61c172bc031c479/details,https://twitter.com/TheWideLeague/status/1617567597154672640,https://www.twitch.tv/videos/1714728970,,,,https://twitter.com/TheWideLeague/status/1617567597154672640,Volcarona,Palafin,Amoonguss,Sableye,Iron Hands,Dragonite,,üîó,
69,Levincia Lights #1,,United States,,Reg B,,21 Jan 23,29,5,8,-,-,"Online, Cart, BO3, Open Sheets",,Singapore,Jude Lee,,,,,,,@CruzeCorp,https://battlefy.com/cruze-corp/levincia-lights-1-vgc-series-2-up-to-200-prize-pool/63bdc42d79d9a732aa3968ed/info?infoTab=details,https://twitter.com/CruzeCorp/status/1618017838102630401,No Stream,,,,https://twitter.com/CruzeCorp/status/1618017838102630401,Arcanine,Iron Bundle,Amoonguss,Baxcalibur,Iron Hands,Flutter Mane,,üîó,
70,NorCal Dublin #1,,United States,,Reg B,,21 Jan 23,24,5,8,-,-,"In-person, BO3, Open Sheets",,United States,Zac Emerzian,,,,,,,@NorCalVGC,https://pbs.twimg.com/media/FnClW4eaYAAmUnJ?format=jpg&name=large,https://twitter.com/NorCalVGC/status/1617444281173835780,https://www.youtube.com/playlist?list=PLQCApESjBEf2ZFKgg3Ok83pNRkjHG_b4P,,,,https://twitter.com/NorCalVGC/status/1617444281173835780,Ceruledge,Rotom-Wash,Amoonguss,Kingambit,Iron Valiant,Garchomp,,üîó,
71,Oakville Local #2,,Canada,,Reg B,,21 Jan 23,11,4,4,-,-,"Organized by Prof Morph, BO3 Open Team Sheets",,Canada,Ryan Loseto,,,,,,,@Toronto_VGC,No Link,https://twitter.com/Toronto_VGC/status/1616974607025577984,No Stream,,,,https://twitter.com/Toronto_VGC/status/1616974607025577984,Volcarona,Iron Bundle,Amoonguss,Garganacl,Iron Hands,Roaring Moon,,üîó,
72,Mid West Tour #1,,United States,,Reg B,,21 Jan 23,7,5,4,-,-,"Online, Cart, BO3, Open Sheets",,United States,lucky_w0lf,,,,,,,@ZemTennar,https://battlefy.com/zemtennar/mid-west-to-orlando-tour/63bc97a706330a324a1d10ed/info?infoTab=details,https://twitter.com/ZemTennar/status/1616916683377049600,https://www.twitch.tv/videos/1714225093,,,,https://twitter.com/ZemTennar/status/1616916683377049600,Torkoal,Armarouge,Indeedee-F,Slither Wing,Dachsbun,Roaring Moon,-,-,
73,DuranzTV Tour #6,,United States,,Reg B,,20 Jan 23,64,5,16,-,-,"Online, Cart, BO1 Swiss, BO3 Cut, Open Sheets",,Australia,Luke Iuele,,,,,,,@Jondurannn,https://play.limitlesstcg.com/tournament/63c7f42bf61c172bc031d427/details,No Tweet,No Stream,,,,No Tweet,Tauros-Paldea-Blaze,Tatsugiri-Stretchy,Amoonguss,Dondozo,Garganacl,Flutter Mane,-,-,
74,Circus ShowOff #1,,italy,,Reg B,,20 Jan 23,34,6,11,(X-2 Cut),-,"Online, BO3, Showdown, Open Sheets",,Italy,Yveltal,,,,,,,Shin19,https://play.limitlesstcg.com/tournament/63c2dba0fa281305be513a69/details,No Tweet,No Stream,,,,No Tweet,Torkoal,Great Tusk,Murkrow,Gholdengo,Iron Valiant,Roaring Moon,-,-,
75,Helping Hands Tour #2,,Pokeball,,Reg B,,20 Jan 23,28,5,8,-,-,"Online, Cart, BO1 Swiss, BO3 Cut, Open Sheets",,United States,Kiyo392,,,,,,,Helping Hands,https://play.limitlesstcg.com/tournament/63c1cc15fa281305be512caf/details,No Tweet,No Stream,,,,No Tweet,Iron Moth,Dragonite,Sableye,Garganacl,Iron Hands,Flutter Mane,-,-,
76,DuranzTV Tour #5,,United States,,Reg B,,19 Jan 23,15,4,8,-,-,"Online, BO3, Open Sheets",,South Korea,jiholee32,,,,,,,@Jondurannn,https://play.limitlesstcg.com/tournament/63c977bcf61c172bc031dcff/details,No Tweet,No Stream,,,,No Tweet,Volcarona,Iron Bundle,Amoonguss,Sableye,Iron Hands,Dragonite,-,-,
77,Beanie Brawl Rumble: Wooper Wednesdays #2,,Beanie,,Reg B,,18 Jan 23,171,7,8,-,-,"Online, BO3, Open Sheets",,United States,Joseph Ugarte,,,,,,,@thatguyinabeani,https://play.limitlesstcg.com/tournament/63b61bfcfa281305be50f804/details,https://twitter.com/thatguyinabeani/status/1616179396557029398,Soon on Joe's YT,,,,https://twitter.com/JoeUX9/status/1615987133868609538,Arcanine,Iron Bundle,Meowscarada,Mimikyu,Iron Hands,Garganacl,,üîó,
78,Tommy's Practice Tour #3,,United States,,Reg B,,17 Jan 23,46,5,-,-,-,"Online, BO3, Open Sheets, NO TOP CUT",,Germany,gohan92,,,,,,,@TomHayden27,https://play.limitlesstcg.com/tournament/63b4f2d4fa281305be50f288/details,No Tweet,No Stream,,,,No Tweet,Arcanine,Iron Bundle,Amoonguss,Great Tusk,Kingambit,Flutter Mane,-,-,
79,PokeVillage Tour #3,,United States,,Reg B,,16 Jan 23,80,5,16,-,-,"Online, BO3, Open Sheets",,United States,TheGoomy,,,,,,,@alexander7vgc,https://play.limitlesstcg.com/tournament/63c0d81cfa281305be512879/details,No Tweet,No Stream,,,,No Tweet,Volcarona,Iron Bundle,Amoonguss,Sandy Shocks,Iron Hands,Roaring Moon,-,-,
80,SV Neme Weekly Tour #9,,Neme,,Reg B,,16 Jan 23,31,5,8,-,-,"Online, Cart, BO3, Open Sheets",,Chile,hummus,,,,,,,@IRNemesis,https://battlefy.com/irgamers/scarlet-violet-neme-weekly-s2-tour-9/63c3350cb17e3d43eee1e65f/info?infoTab=details,https://twitter.com/IRNemesis/status/1617634962077003776,,,,,https://twitter.com/IRNemesis/status/1617634962077003776,Rotom-Heat,Tauros-Paldea-Aqua,Amoonguss,Garganacl,Gholdengo,Roaring Moon,,üîó,
81,Pico Rivera Local #4 üåß,,United States,,Reg B,,15 Jan 23,20,5,8,-,-,"In-person, BO3, Open Sheets",,United States,Brandon Davis,,,,,,,@pokemonlabs,No Link,https://twitter.com/TtvPOWgaming/status/1614853689168261123,https://www.twitch.tv/videos/1708505182,,,,https://twitter.com/TtvPOWgaming/status/1614853689168261123,Pelipper,Drednaw,Amoonguss,Gholdengo,Sableye,Iron Valiant,,üîó,
82,Skraw Series Scramble #1,,United States,,Reg B,,15 Jan 23,31,5,8,-,-,"Online, BO3, Open Team Sheets",,United States,Silverbroom,,,,,,,@JacobSkraw,https://play.limitlesstcg.com/tournament/63c219f4fa281305be51344e/details,https://twitter.com/JacobSkraw/status/1614797694983086081,No Stream,,,,https://twitter.com/JacobSkraw/status/1614797694983086081,Arcanine,Iron Bundle,Amoonguss,Flutter Mane,Kingambit,Great Tusk,-,-,
83,Raizors Route #2,,Germany,,Reg B,,15 Jan 23,18,5,4,-,-,"Online, BO3, Open Team Sheets",,Germany,lukasjoel1,,,,,,,Raizors,https://play.limitlesstcg.com/tournament/63bbbea1fa281305be51121f/details,https://twitter.com/Raizor/status/1616432435994189828,No Stream,,,,https://twitter.com/Raizor/status/1616432435994189828,Scizor,Iron Bundle,Amoonguss,Flutter Mane,Iron Hands,Roaring Moon,,üîó,
84,DuranzTV Tour #4,,United States,,Reg B,,14 Jan 23,71,6,21,(X-2 Cut),-,"Online, BO3, Open Team Sheets",,United States,Snaf2,,,,,,,@Jondurannn,https://play.limitlesstcg.com/tournament/63bb7c55fa281305be511167/details,No Tweet,https://youtu.be/r4PxpV8YmEI,,,,https://twitter.com/Snaf269/status/1614476767942823937,Armarouge,Iron Bundle,Tatsugiri,Dondozo,Indeedee-F,Roaring Moon,,üîó,
85,The Wide League Saturday #1,,WD,,Reg B,,14 Jan 23,54,7,11,(X-2 Cut),-,"Online, BO1 Swiss, BO3 Cut, Open Sheets",,United States,blckkkkkk,,,,,,,The Wide League,https://play.limitlesstcg.com/tournament/63bce0c8fa281305be5116f8/details,https://twitter.com/TheWideLeague/status/1615022412407382023,https://www.twitch.tv/videos/1707780583,,,,https://twitter.com/TheWideLeague/status/1615022412407382023,Volcarona,Murkrow,Amoonguss,Gholdengo,Iron Hands,Dragonite,,üîó,
86,Jules' Tour,,United States,,Reg B,,14 Jan 23,33,6,-,-,-,"Online, BO3 Swiss, No Top Cut, Open Sheets",,United States,MoxieInfernape,,,,,,,Jules,https://play.limitlesstcg.com/tournament/63b60038fa281305be50f725/details,https://twitter.com/Julesnd264/status/1614718783481864194,No Stream,,,,No Tweet,Pelipper,Drednaw,Amoonguss,Kingambit,Iron Hands,Farigiraf,-,-,
87,Mt. Moon SV VGC Weekly #2,,puerto rico,,Reg B,,14 Jan 23,28,5,8,-,-,"Online, BO3 Swiss, Open Team Sheets",-,?,Romeru,,,,,,,@MtMoonPR,https://play.limitlesstcg.com/tournament/63bd99cbfa281305be51185b/details,https://twitter.com/MtMoonPR/status/1614693238690181120,No Stream,,,,https://twitter.com/MtMoonPR/status/1614693238690181120,Arcanine,Iron Bundle,Amoonguss,Flutter Mane,Iron Hands,Mimikyu,,üîó,
88,Papa LB Tribute Tour,,United Kingdom,,Reg B,,14 Jan 23,19,5,8,-,-,"Online, BO3 Swiss, Open Team Sheets",,Italy,Daniele0504,,,,,,,London Corviknights,https://play.limitlesstcg.com/tournament/63bc6703fa281305be51142e/details,https://twitter.com/RakeyVGC/status/1614704023994773505,No Stream,,,,https://twitter.com/RakeyVGC/status/1614704023994773505,Torkoal,Gyarados,Amoonguss,Flutter Mane,Kingambit,Garganacl,-,-,
89,NinoPokeBros FF#62,,Nino,,Reg B,,13 Jan 23,396,9,33,(X-2 Cut),-,"Online, BO1 Swiss, BO3 Cut, Open Sheets",,United States,LunarCD,,,,,,,@ninopokebros,https://play.limitlesstcg.com/tournament/63bc7fa4fa281305be5114f3/details,https://twitter.com/ninopokebros/status/1614352307269013504,https://www.twitch.tv/videos/1706870172,,,,https://twitter.com/ninopokebros/status/1614352307269013504,Arcanine,Iron Bundle,Amoonguss,Gholdengo,Iron Hands,Garganacl,,üîó,
90,Palkia Academy Tour #4,,BD,,Reg B,,12 Jan 23,28,5,4,-,-,"Online, BO3, Open Sheets",,United States,Killua,,,,,,,@BauerdadVGC,https://play.limitlesstcg.com/tournament/63bc8bbcfa281305be511539/details,https://twitter.com/BauerdadVGC/status/1613772984128360448,No VODs,,,,https://twitter.com/BauerdadVGC/status/1613772984128360448,Torkoal,Garganacl,Amoonguss,Mimikyu,Gholdengo,Roaring Moon,,üîó,
91,Beanie Brawl Rumble: Wooper Wednesdays #1,,Beanie,,Reg B,, 11 Jan 23,112,6,8,-,-,"Online, BO3, Open Team Sheets",,Australia,Hobbit,,,,,,,@thatguyinabeani,https://play.limitlesstcg.com/tournament/63b4da18fa281305be50f115/details,https://twitter.com/thatguyinabeani/status/1613564688742379521,No Stream,,,,https://twitter.com/thatguyinabeani/status/1613564688742379521,Arcanine,Iron Bundle,Amoonguss,Farigiraf,Iron Hands,Roaring Moon,,üîó,
92,Raizors Route #1,,Germany,,Reg B,,8 Jan 23,22,5,4,-,-,"Online, BO3, Open Team Sheets",,Germany,derEffern,,,,,,,Raizors,https://play.limitlesstcg.com/tournament/63b9e3b9fa281305be510a79/details,https://twitter.com/Raizor/status/1612152474814529547,No Stream,,,,https://twitter.com/Raizor/status/1612152474814529547,Torkoal,Amoonguss,Oranguru,Flutter Mane,Iron Hands,Roaring Moon,,üîó,
93,Tatsugiri Business #1,,Tats,,Reg A,,28 Jan 23,12,4,8,(X-2 Cut),-,"Online, BO3 Swiss, Open Team Sheets",,Italy,Luca,,,,,,,Tatsugiri Business,https://play.limitlesstcg.com/tournament/63c88a33f61c172bc031d8ad/details,No Tweet,No Stream,,,,No Tweet,Torkoal,Annihilape,Oranguru,Hariyama,Kingambit,Dragonite,-,-,
94,Littleroot Lessons Rumble #2,,United States,,Reg A,,22 Jan 23,35,6,16,-,-,"Online, BO1 Swiss, BO3 Cut, Open Sheets",,United States,KuroVGC,,,,,,,@LRLessons,https://play.limitlesstcg.com/tournament/63c4e8f0f61c172bc031c468/details,https://twitter.com/LRLessons/status/1617271971028340738,No Stream,,,,https://twitter.com/LRLessons/status/1617271971028340738,Volcarona,Tatsugiri,Glimmora,Dondozo,Mimikyu,Dragonite,,üîó,
95,Perth Series 1 Farewell Local,,Australia,,Reg A,,22 Jan 23,21,5,8,-,-,"In-person, BO3, Open Sheets",,Australia,Peter Vowles,,,,,,,@Mattando97,https://media.discordapp.net/attachments/1059390310859407381/1067123906856624258/8Sd8BZPT.jpg-large.jpeg?width=526&height=701,https://twitter.com/Mattando97/status/1617143103047229441,https://youtube.com/playlist?list=PLTm_eq-gaUqys98QrDswLdqmkHbslv2BO,,,https://docs.google.com/spreadsheets/d/1WIu1W5kCybADcTqvD6bO1Ub9oNR35lP26ZX5iUVQV3Q/edit#gid=0,https://twitter.com/Mattando97/status/1617143103047229441,Annihilape,Tatsugiri,Meowscarada,Dondozo,Gholdengo,Murkrow,,üîó,
96,Kai's The Gimmighoul Special,,Kai,,Reg A,,18 Jan 23,48,6,8,-,-,"Online, BO3, Open Sheets",-,?,GymMasterJaden,,,,,,,@KaiTheProfessor,https://play.limitlesstcg.com/tournament/63bb41a3fa281305be5110d8/details,https://twitter.com/KaiTheProfessor/status/1616177882983710748,No Stream,,,,https://twitter.com/KaiTheProfessor/status/1616177882983710748,Arcanine,Tatsugiri-Stretchy,Meowscarada,Dondozo,Gholdengo,Pawmot,,üîó,
97,Palkia Academy Tour #5,,BD,,Reg A,,18 Jan 23,6,5RR,-,-,-,"Online, BO3, Round Robin, Open Sheets",,United Kingdom,Simipour,,,,,,,@BauerdadVGC,https://play.limitlesstcg.com/tournament/63c57b5df61c172bc031c5be/details,https://twitter.com/BauerdadVGC/status/1615828308410736671,No VODs,,,,https://twitter.com/BauerdadVGC/status/1615828308410736671,Arcanine,Azumarill,Amoonguss,Garchomp,Gholdengo,Hydreigon,,üîó,
98,SSS Tour from the Philippines,,Philippines,,Reg A,,15 Jan 23,19,5,8,-,-,"Online, BO3, Open Sheets",,Philippines,Enrico Ryan Comentan,,,,,,,DodgeVGC,https://play.limitlesstcg.com/tournament/63bd504efa281305be511794/details,No Tweet,No Stream,,,,No Tweet,Rotom-Heat,Tatsugiri,Amoonguss,Dondozo,Gholdengo,Garganacl,-,-,
99,"VGCTS Liverpool Regional Prep Tournament
",,United Kingdom,,Reg A,,14 Jan 23,73,7,8,-,-,"Online, BO3, Open Team Sheets",,Germany,Selahattin Sturm,,,,,,,No Twitter,https://play.limitlesstcg.com/tournament/63bc9d6bfa281305be511593/details,No Tweet,No Stream,,,,No Tweet,Annihilape,Maushold,Kilowattrel,Sylveon,Gholdengo,Hydreigon,,üîó,
100,VGCPastes RTT #5,,Pastes,,Reg A,,14 Jan 23,66,6,16,(X-2 Cut),-,"Random Teams, Showdown Tour",,Finland,OrangeManiac,,,,,,,@VGCPastes,https://play.limitlesstcg.com/tournament/63bc3a6cfa281305be51131b/details,https://twitter.com/VGCPastes/status/1614259006293573637/photo/1,https://www.twitch.tv/videos/1706919930,,,,https://twitter.com/VGCPastes/status/1614259006293573637/photo/1,Sandshrew,Sandshrew,Sandshrew,Sandshrew,Sandshrew,Sandshrew,,üîó,
101,Ai Off #25,,Japan,,Reg A,,14 Jan 23,39,9RR,15,-,-,"In-person, BO1 Round Robin, BO3 Top Cut, Closed Sheets",,Japan,miturunsir,,,,,,,Jyanapoke,No Link,https://twitter.com/right_poke/status/1616371794734370816,No Stream,,,,https://twitter.com/right_poke/status/1616371794734370816,Maushold,Tatsugiri-Stretchy,Dondozo,Gholdengo,Kingambit,Dragonite,,üîó,
102,Pokevents Local #3,,France,,Reg A,,14 Jan 23,?,4,4,-,-,"In-person, BO3, Open Sheets",,France,Anthony,,,,,,,Pokevents,No Link,https://twitter.com/EventsPoke/status/1614962947264073728,No Stream,,,https://twitter.com/EventsPoke/status/1614963778281521164,https://twitter.com/EventsPoke/status/1614962947264073728,Annihilape,Gallade,Murkrow,Gholdengo,Hydreigon,Dragonite,,üîó,
103,SV Neme Weekly Tour #8,,Neme,,Reg A,,9 Jan 23,37,5,8,-,-,"Online, Cart, BO3, Open Sheets",,Canada,Kangourou,,,,,,,@IRNemesis,https://battlefy.com/irgamers/scarlet-violet-neme-weekly-s1-tour-8/63baf77c0daa691a8242f7c2/info?infoTab=details,https://twitter.com/IRNemesis/status/1615097180557135873,,,,,https://twitter.com/IRNemesis/status/1615097180557135873,Pawmot,Sylveon,Murkrow,Gholdengo,Garchomp,Hydreigon,,üîó,
104,London Corviknights Liverpool Regional Preparation VGC Tour,,United Kingdom,,Reg A,,8 Jan 23,91,7,16,-,-,"Online, BO3, Open Team Sheets",,United Kingdom,Simipour,,,,,,,@LondonVgc,https://play.limitlesstcg.com/tournament/63b30ffefa281305be50e498/details,No Tweet,No Stream,,,,https://twitter.com/LondonVgc/status/1609984818153984003,Arcanine,Amoonguss,Azumarill,Gholdengo,Garchomp,Hydreigon,,üîó,
105,The Flareon Cup,,United Kingdom,,Reg A,,8 Jan 23,86,7,8,-,-,"Online, BO3, Open Team Sheets",,Italy,Blackwizard,,,,,,,@KaiTheProfessor,https://play.limitlesstcg.com/tournament/63b204a9fa281305be50e19d/details,https://twitter.com/KaiTheProfessor/status/1612212273522659328,No Stream,,,,https://twitter.com/KaiTheProfessor/status/1611863220251414528,Rotom-Heat,Meowscarada,Lycanroc,Tyranitar,Sylveon,Garchomp,,üîó,
106,Tera Square #3,,Japan,,Reg A,,8 Jan 23,63,6,8,-,-,"Online, BO1 Swiss, BO3 Cut",,Japan,daikousin,,,,,,,@TeraSquareOffl,https://tonamel.com/competition/H77Iy,https://twitter.com/TeraSquareOffl/status/1612112374013767680,https://youtu.be/-X_dt7t-lgo,,,,https://twitter.com/TeraSquareOffl/status/1612112374013767680,Volcarona,Meowscarada,Tatsugiri-Droopy,Dondozo,Glimmora,Dragonite,,üîó,
107,L Offline #1,,Japan,,Reg A,,8 Jan 23,75,6,26,(X-2 Cut),-,"In-person, BO1 Swiss, BO3 Cut, Closed Sheets",,Japan,Ansena,,,,,,,@LLshock151,https://tonamel.com/competition/yw7AK,https://liberty-note.com/2023/01/14/loff1-report/,https://youtu.be/gZaqG63eSeQ,https://youtu.be/q9GRkHeyP_U,,,https://twitter.com/_Liberty_Note/status/1612028758684479489,Armarouge,Indeedee-F,Annihilape,Sylveon,Kingambit,Dragapult,,üîó,
108,Meowscarada Challenge #1,,Meow,,Reg A,,8 Jan 23,31,5,8,-,-,"Online, BO3, Open Sheets",,Chile,Boah,,,,,,,@ShoVasquez,https://battlefy.com/ms-sho/meowscarada-challenge/63b34d8f2395cc75cdfa7ead/stage/63bb3cbd5e605a1c3745d47d/bracket/,https://twitter.com/ShoVasquez/status/1612249542065549312,No Stream,,,,https://twitter.com/ShoVasquez/status/1612249542065549312,Pawmot,Meowscarada,Tatsugiri,Dondozo,Gholdengo,Hydreigon,,üîó,
109,ReaperBattles Tour #1,,puerto rico,,Reg A,,8 Jan 23,22,5,8,-,-,"Online, BO3, Open Sheets",,Puerto Rico,Melvilicious,,,,,,,ReaperBattlesVGC,https://play.limitlesstcg.com/tournament/63b61da2fa281305be50f814/details,https://twitter.com/ReaperBattles/status/1612321028679634945,No Stream,,,,https://twitter.com/ReaperBattles/status/1612321028679634945,Volcarona,Meowscarada,Tatsugiri,Dondozo,Gholdengo,Baxcalibur,,üîó,
110,Teru Challenge Off #3,,Japan,,Reg A,,7 Jan 23,120,7RR,32,-,-,"In-person, BO1 Round Robin, BO3 Top Cut, Closed Sheets",,Japan,Hirofumi Kimura,,,,,,,Liberty Note,https://pbs.twimg.com/media/Fl3XEXIaEAQpi3n?format=jpg&name=large,https://liberty-note.com/2023/01/12/terurun-challenge-offline-3-result/,https://youtu.be/XZzoGsRAVuI,https://youtu.be/HYwy8L0UZnM,,,https://twitter.com/_Liberty_Note/status/1611670841150013440,Armarouge,Indeedee-F,Palafin,Sylveon,Salamence,Garchomp,,üîó,
111,Littleroot Lessons Rumble #1,,United States,,Reg A,,7 Jan 23,104,7,32,-,-,"Online, BO1 Swiss, BO3 Top Cut, Open Team Sheets",,Spain,Powertxo,,,,,,,@LRLessons,https://play.limitlesstcg.com/tournament/63b26674fa281305be50e37c/details,https://twitter.com/LRLessons/status/1611868198860734465,No Stream,,,,https://twitter.com/LRLessons/status/1610283174877175808,Arcanine,Tsareena,Drednaw,Pelipper,Gholdengo,Murkrow,,üîó,
112,Coco4dayz Tour #1,,Australia,,Reg A,,7 Jan 23,53,6,8,-,-,"Online, BO3, Open Sheets",,Australia,Multi boy,,,,,,,@Cocofourdayz,https://battlefy.com/gen-9-pokemon-scarlet-and-violet/series-1-battle-fiasco/63918b33359be26ebde156cf/info?infoTab=details,https://twitter.com/Cocofourdayz/status/1611656144245907456,https://www.twitch.tv/videos/1701224502,,,,https://twitter.com/VGCPastes/status/1612551211982684161,Skeledirge,Maushold,Amoonguss,Grimmsnarl,Annihilape,Hydreigon,,üîó,
113,Lauderdale Local,,United States,,Reg A,,7 Jan 23,10,4,4,-,-,"In-person, BO3, Open Sheets",,United States,Tristan F.,,,,,,,ACS Gaming,No Link,https://twitter.com/SilensumPKMN/status/1611857662257274880,No Stream,,,Winner: https://twitter.com/Tristar0722,https://twitter.com/SilensumPKMN/status/1611857662257274880,Armarouge,Indeedee-F,Annihilape,Murkrow,Sylveon,Garchomp,,üîó,
114,VGC THESE HANDS,,Germany,,Reg A,,6 Jan 23,57,6,8,-,-,"Online, BO3, Open Team Sheets",,Belgium,Shmon,,,,,,,@Shmonstah,https://play.limitlesstcg.com/tournament/63b6a12bfa281305be50faf0/details,https://twitter.com/Shmonstah/status/1611661298063876097,https://www.twitch.tv/videos/1699537492,,,,https://twitter.com/Shmonstah/status/1610970243588931586,Skeledirge,Maushold-Four,Gallade,Murkrow,Sylveon,Dragapult,,üîó,
115,PokeVillage Tour #2,,United States,,Reg A,,5 Jan 23,50,6,13,(X-2 Cut),-,"Online, BO3, Open Team Sheets",,Puerto Rico,Arekusabi,,,,,,,@alexander7vgc,https://play.limitlesstcg.com/tournament/63b3948dfa281305be50eafd/details,https://twitter.com/VGCPastes/status/1612551206085484549,No Stream,,,,https://twitter.com/VGCPastes/status/1612551206085484549,Salazzle,Tauros-Paldea-Aqua,Amoonguss,Kingambit,Mimikyu,Baxcalibur,,üîó,
116,Palkia Academy Tour #3,,BD,,Reg A,,5 Jan 23,15,5,4,-,-,"Online, BO3, Open Sheets",,United States,hushptv,,,,,,,@BauerdadVGC,https://play.limitlesstcg.com/tournament/63ada0d5267e9c05d72a00ee/details,https://twitter.com/BauerdadVGC/status/1611223903527120899,No Stream,,,,https://twitter.com/VGCPastes/status/1612551209772277761,Pelipper,Palafin,Amoonguss,Dragonite,Gholdengo,Hydreigon,,üîó,
117,Mt. Moon SV VGC Weekly #1,,puerto rico,,Reg A,,4 Jan 23,57,6,8,-,-,"Online, BO3, Open Team Sheets",,Greece,Liakos,,,,,,,@MtMoonPR,https://play.limitlesstcg.com/tournament/63abf92e267e9c05d729fbc5/details,https://twitter.com/MtMoonPR/status/1610886225098842113,No Stream,,,,https://twitter.com/LiakosRfg/status/1618625893437698049,Arcanine,Azumarill,Amoonguss,Murkrow,Gholdengo,Hydreigon,,üîó,
118,DuranzTV Tour #3,,United States,,Reg A,,4 Jan 23,32,6,16,(X-2 Cut),-,"Online, BO3, Open Team Sheets",,Argentina,Juanfi,,,,,,,@Jondurannn,https://play.limitlesstcg.com/tournament/63b1e1e5fa281305be50e097/details,https://twitter.com/Jondurannn/status/1610883683245776896,No Stream,,,,https://twitter.com/Jondurannn/status/1610883683245776896,Salazzle,Tauros-Paldea-Aqua,Amoonguss,Mimikyu,Kingambit,Baxcalibur,,üîó,
119,Tommy's Practice Tour #2,,United States,,Reg A,,3 Jan 23,57,5,-,-,-,"Online, BO3, Open Sheets, NO TOP CUT",,United States,kairoshi,,,,,,,@TomHayden27,https://play.limitlesstcg.com/tournament/63acfa46267e9c05d72a0009/details,https://twitter.com/VGCPastes/status/1612551202243506177,No Stream,,,,https://twitter.com/VGCPastes/status/1612551202243506177,Volcarona,Tatsugiri,Meowscarada,Dondozo,Sylveon,Glimmora,,üîó,
120,Beanie Brawl Rumble #1,,Bean,,Reg A,,2 Jan 23,193,7,8,-,-,"Online, BO3, Open Sheets",,Per√∫,Diego Gutierrez,,,,,,,@thatguyinabeani,https://play.limitlesstcg.com/tournament/63aca05f267e9c05d729fd95/details,https://twitter.com/thatguyinabeani/status/1610160819429318656,,,,,https://twitter.com/VGCPastes/status/1612551198535725056,Volcarona,Rotom-Wash,Meowscarada,Mimikyu,Kingambit,Baxcalibur,,üîó,
121,Druddigon Cup Special,,Hong Kong,,Reg A,,2 Jan 23,83,6,16,-,-,"In-person, BO3, Open Sheets",,Hong Kong,Felix Kwok,,,,,,,Play Pokemon Hong Kong,No Link,https://playpokemonhk.org/2023/01/03/1dcpcth3_result/,https://www.youtube.com/live/V8umdSnBly0?feature=share,https://www.youtube.com/live/4hphfmK768M?feature=share,,,,Arcanine,Tatsugiri,Meowscarada,Dondozo,Sylveon,Dragonite,,üîó,
122,SV Neme Weekly Tour #7,,Neme,,Reg A,,2 Jan 23,39,5,8,-,-,"Online, Cart, BO3, Open Sheets",,Canada,Kangourou,,,,,,,@IRNemesis,https://battlefy.com/irgamers/scarlet-violet-neme-weekly-s1-tour-7/63afbf58e068025d2de8c43e/info?infoTab=details,https://twitter.com/IRNemesis/status/1612542755326119938,,,,,https://twitter.com/IRNemesis/status/1612542755326119938,Pawmot,Sylveon,Murkrow,Gholdengo,Garchomp,Hydreigon,,üîó,
123,The Espeon Cup,,Kai,,Reg A,,30-31 Dec 22,177,8,16,-,-,"Online, BO3, Open Sheets",,United Kingdom,Bartek577777,,,,,,,@KaiTheProfeessor,https://play.limitlesstcg.com/tournament/63921c9b73053a08b70b77c1/details,https://twitter.com/kaitheprofessor/status/1609691418649395201,No Stream,,,,https://twitter.com/VGCPastes/status/1612551187093680129,Pelipper,Palafin,Amoonguss,Rotom-Mow,Kingambit,Gallade,,üîó,
124,Pico Rivera New Year's Local,,United States,,Reg A,,1 Jan 23,28,5,8,-,-,"In-person, BO3, Open Sheets",,United States,Chase Lybbert,,,,,,,@pokemonlabs,No Link,https://twitter.com/pokemonlabs/status/1609815299750264835,https://www.youtube.com/watch?v=ZVKN9XWNi3w&list=PLhPSIS0DsFXaE8vY9yNL8mo-zFWbPoHp_,,,,https://twitter.com/pokemonlabs/status/1609815299750264835,Skeledirge,Corviknight,Grimmsnarl,Gholdengo,Hydreigon,Garchomp,,üîó,
125,LOTV New Year's Eve Tour,,LOTV,,Reg A,,31 Dec 22,68,7,13,(X-2 Cut),-,"Online, BO3, Open Sheets",,Costa Rica,Lucky-Sama,,,,,,,Lily of the Valley,https://play.limitlesstcg.com/tournament/63a8ddbe267e9c05d729efed/details,soon,No Stream,,,Winner's tweet: https://twitter.com/Lucky_Sama03/status/1609727482072281088?s=20&t=6BTgU6-Gh8JP6chFz_rL0Q,soon,Volcarona,Rotom-Wash,Amoonguss,Grimmsnarl,Corviknight,Garchomp,-,-,
126,PokeVillage Tour #1,,United States,,Reg A,,31 Dec 22,41,6,8,-,-,"Online, BO3, Open Sheets",,United Kingdom,Simipour,,,,,,,@alexander7vgc,https://play.limitlesstcg.com/tournament/63accacb267e9c05d729fea7/details,https://twitter.com/alexander7vgc/status/1609382513214124033,No Stream,,,,https://twitter.com/VGCPastes/status/1612551194240757760,Arcanine,Azumarill,Amoonguss,Gholdengo,Hydreigon,Garchomp,,üîó,
127,ATX NYE Pop Up Tour,,ATX,,Reg A,,31 Dec 22,15,4,4,-,-,"Online, BO3, Open Sheets",,United States,icebergvgc,,,,,,,@ATXVGC,https://play.limitlesstcg.com/tournament/63b0c025fa281305be50dc41/details,No Tweet,No Stream,,,,-,Arcanine,Tatsugiri,Dondozo,Murkrow,Gholdengo,Dragonite,-,-,
128,Danville Local,,United States,,Reg A,,31 Dec 22,?,?,4,-,-,"In-person, BO3, Open Sheets",,United States,Zee Costagiola,,,,,,,@BreezyScooter,No Link,https://twitter.com/BreezyScooter/status/1611178075760254977,No Stream,,,,https://twitter.com/VGCPastes/status/1612551192076484609,Volcarona,Tauros-Paldea-Aqua,Amoonguss,Sableye,Gholdengo,Dragonite,,üîó,
129,DuranzTV Tour #2,,United States,,Reg A,,30 Dec 22,156,6,47,(X-2 Cut),-,"Online, 6 Swiss Rds, BO3, Open Sheets",,Italy,Dot1Q,,,,,,,@Jondurannn,https://play.limitlesstcg.com/tournament/63a939b4267e9c05d729f1c5/details,https://twitter.com/Jondurannn/status/1609299020681465856,No Stream,,,Winner's tweet: https://twitter.com/dot1q_vgc/status/1609369710948409345,soon,Armarouge,Torkoal,Maushold-Four,Annihilape,Kingambit,Dragonite,-,-,
130,Chicago Local,,United States,,Reg A,,29 Dec 22,32,5,8,-,-,"In-person, BO3, Open Sheets",,United States,Dimitri M.,,,,,,,@ChicagoPkmn,No Link,https://twitter.com/ChicagoPkmn/status/1608910325037895680,No VODs üò•,,,,https://twitter.com/VGCPastes/status/1612551182354108416,Volcarona,Gengar,Murkrow,Gholdengo,Hydreigon,Garchomp,-,-,
131,VGCPastes RTT #4A,,Pastes,,Reg A,,29 Dec 22,48,6,16,(X-2 Cut),-,"Random Teams, Showdown Tour",,United States,Wolfe Glick,,,,,,,VGCPastes,https://battlefy.com/vgcpastes/random-team-tour-4/63a9f5019e863e2fc5b1b8ec/stage/63ad6dad552a38443f1adba5/bracket/6,https://twitter.com/VGCPastes/status/1608639749539123201,https://www.twitch.tv/videos/1703464990,,,https://docs.google.com/spreadsheets/d/1mPH5EG-_QrQo_AfDSVp_AKUngBfFdZpjGyrW-4Ka8uA/edit#gid=1926701433,https://twitter.com/VGCPastes/status/1608587283388858368,Dracovish,Dracovish,Dracovish,Dracovish,Dracovish,Dracovish,,-,
132,VGCPastes RTT #4B,,Pastes,,Reg A,,29 Dec 22,48,6,15,(X-2 Cut),-,"Random Teams, Showdown Tour",,Italy,Red30,,,,,,,VGCPastes,https://battlefy.com/vgcpastes/random-team-tour-4/63a9f5019e863e2fc5b1b8ec/stage/63ad6df0ca3764555346df31/bracket/6,https://twitter.com/VGCPastes/status/1608639749539123201,https://www.twitch.tv/videos/1703464990,,,https://docs.google.com/spreadsheets/d/1mPH5EG-_QrQo_AfDSVp_AKUngBfFdZpjGyrW-4Ka8uA/edit#gid=1926701433,https://twitter.com/VGCPastes/status/1608587283388858368,Fuecoco,Fuecoco,Fuecoco,Fuecoco,Fuecoco,Fuecoco,,-,
133,VGCPastes RTT #4C,,Pastes,,Reg A,,29 Dec 22,48,6,16,(X-2 Cut),-,"Random Teams, Showdown Tour",,Italy,ghiso,,,,,,,VGCPastes,https://battlefy.com/vgcpastes/random-team-tour-4/63a9f5019e863e2fc5b1b8ec/stage/63adcc5078cfe92892b8efe1/bracket/6,https://twitter.com/VGCPastes/status/1608639749539123201,https://www.twitch.tv/videos/1703464990,,,https://docs.google.com/spreadsheets/d/1mPH5EG-_QrQo_AfDSVp_AKUngBfFdZpjGyrW-4Ka8uA/edit#gid=1926701433,https://twitter.com/VGCPastes/status/1608587283388858368,Charcadet,Charcadet,Charcadet,Charcadet,Charcadet,Charcadet,,-,
134,VGCPastes RTT #4D,,Pastes,,Reg A,,29 Dec 22,54,6,15,(X-2 Cut),-,"Random Teams, Showdown Tour",,Spain,Yddeon,,,,,,,VGCPastes,https://battlefy.com/vgcpastes/random-team-tour-4/63a9f5019e863e2fc5b1b8ec/stage/63adccae436c5570ccd500b9/bracket/6,https://twitter.com/VGCPastes/status/1608639749539123201,https://www.twitch.tv/videos/1703464990,,,https://docs.google.com/spreadsheets/d/1mPH5EG-_QrQo_AfDSVp_AKUngBfFdZpjGyrW-4Ka8uA/edit#gid=1926701433,https://twitter.com/VGCPastes/status/1608587283388858368,Clodsire,Clodsire,Clodsire,Clodsire,Clodsire,Clodsire,,-,
135,London Corvis Post Xmas Tour,,LC,,Reg A,,27 Dec 22,120,7,24,(X-2 Cut),-,"Online, BO3, Open Sheets",,Italy,Rey,,,,,,,London Corviknights,https://battlefy.com/london-corviknight-vgc/london-corviknight-post-christmas-tour/63a78c837a422728a1708902/info?infoTab=details,https://twitter.com/LondonVgc/status/1609983432875982848,Top 8 https://www.youtube.com/live/AxG_Wt73uSg?feature=share,,,Winner's tweet: https://twitter.com/rey_vgc/status/1608249200252456960,https://twitter.com/LondonVgc/status/1609983432875982848,Volcarona,Kilowattrel,Mimikyu,Gholdengo,Dragonite,Garchomp,,üîó,
136,Paradox Cup #1,,Spain,,Reg A,,27 Dec 22,63,7,16,-,-,"Online, SD, BO3, Open Sheets",,Spain,Joan Garc√≠a,,,,,,,ApoloWilliams,https://battlefy.com/paradox-cup-1/paradox-cup-1/63a48f49ba848c73c324dbca/info?infoTab=details,https://twitter.com/Apolo_Williams/status/1608520620899180544,https://www.twitch.tv/videos/1690216522,,,,https://twitter.com/VGCPastes/status/1608804826821054466,Meowscarada,Tauros-Paldea-Aqua,Mimikyu,Gholdengo,Garganacl,Baxcalibur,,üîó,
137,Tommy's Practice Tour #1,,United States,,Reg A,,27 Dec 22,34,5,-,-,-,"Online, BO3, Open Sheets, NO TOP CUT",?,,LMagician,,,,,,,@TomHayden27,https://play.limitlesstcg.com/tournament/63a8fd0d267e9c05d729f0a9/details,No Tweet,No Stream,,,,soon,Indeedee-F,Azumarill,Murkrow,Gholdengo,Hydreigon,Baxcalibur,-,-,
138,Palkia Academy Tour #2,,BD,,Reg A,,27 Dec 22,21,5,9,(X-2 Cut),-,"Online, BO1 Swiss, BO3 Cut, Open Sheets",,United States,Krebs,,,,,,,@BauerdadVGC,https://play.limitlesstcg.com/tournament/63ab43dc267e9c05d729f76f/details,https://twitter.com/BauerdadVGC/status/1607981822268383233,No Stream,,,,https://twitter.com/BauerdadVGC/status/1607981822268383233,Torkoal,Scovillain,Oranguru,Hariyama,Annihilape,Kingambit,,üîó,
139,SV Neme Weekly Tour #6,,Neme,,Reg A,,26 Dec 22,41,5,8,-,-,"Online, BO1 Swiss, BO3 Cut, Open Sheets",?,,OZASHI,,,,,,,@IRNemesis,https://battlefy.com/irgamers/scarlet-violet-neme-weekly-s1-tour-6/63a754427d594370c3a873ef/info?infoTab=details,https://twitter.com/IRNemesis/status/1610003638314827776,https://www.twitch.tv/videos/1689547998,,,,soon,Ceruledge,Amoonguss,Gastrodon-East,Grimmsnarl,Garganacl,Hydreigon,,üîó,
140,ATXMas Tour üéÑ 2022,,united states,,Reg A,,25 Dec 22,94,7,18,(X-2 Cut),-,"Online, BO3, Open Sheets",,Italy,daniele0504,,,,,,,@ATXVGC,https://battlefy.com/atx-vgc/atxvgc-2nd-annual-atxmas-tour-scarlet-and-violet-series-1/6390d80212e05d7cba18d033/info?infoTab=details,https://twitter.com/VGCPastes/status/1608092761147994113,No Stream,,,,https://twitter.com/VGCPastes/status/1608092761147994113,Volcarona,Skeledirge,Amoonguss,Meowscarada,Tauros-Paldea-Aqua,Garganacl,,üîó,
141,Tera Square #2,,Japan,,Reg A,,25 Dec 22,74,7,8,-,-,"Online, BO1 Swiss, BO3 Cut, Closed Sheets",,Japan,Yuzu (UB_SLOW),,,,,,,@TeraSquareOffl,https://tonamel.com/competition/haPuj,https://twitter.com/TeraSquareOffl/status/1607018418917773319,https://www.youtube.com/live/8h04cLYrt4Y?feature=share,,,,https://twitter.com/VGCPastes/status/1607035544093220865,Volcarona,Tauros-Paldea-Aqua,Amoonguss,Grimmsnarl,Sableye,Baxcalibur,,üîó,
142,DuranzTV Tour #1,,united states,,Reg A,,23 Dec 22,47,6,11,(X-2 Cut),-,"Online, BO3, Open Sheets",,Japan,ike,,,,,,,@Jondurannn,https://play.limitlesstcg.com/tournament/63a11b2d267e9c05d729cdd0/standings,https://twitter.com/VGCPastes/status/1607793311112388608,https://youtu.be/Ll3dueJzP9E,,,,https://twitter.com/VGCPastes/status/1607793311112388608,Talonflame,Maushold-Four,Gardevoir,Gholdengo,Garchomp,Dragapult,,üîó,
143,Warrior Weekly #1,,Germany,,Reg A,,23 Dec 22,88,7,-,-,-,"Online, BO3, Open Sheets, NO TOP CUT",,Japan,ike,,,,,,,@WARRIORESPORT_,https://play.limitlesstcg.com/tournament/639dead5267e9c05d729c098/details,https://twitter.com/WARRIORESPORT_/status/1606456793298788353,No Stream,,,,,Talonflame,Maushold-Four,Gardevoir,Gholdengo,Garchomp,Dragapult,,üîó,
144,NinoPokeBros FF#61,,Nino,,Reg A,,23 Dec 22,228,8,32,(X-2 Cut),-,"Online, BO1 Swiss, BO3 Cut, Open Sheets",,United States,Kyle Livinghouse,,,,,,,@ninopokebros,https://play.limitlesstcg.com/tournament/63a4755f267e9c05d729dce8/details,https://twitter.com/ninopokebros/status/1606758043840311298,https://www.twitch.tv/videos/1687226241,,,https://gist.github.com/bnnuy0xf/9c185a2aacd92485505b19187d2e9dc1,https://twitter.com/VGCPastes/status/1606825417461346304,Salazzle,Tauros-Paldea-Aqua,Amoonguss,Kingambit,Mimikyu,Baxcalibur,,üîó,
145,S√£o Paulo Online League,,Brazil,,Reg A,,22 Dec 22,31,?,?,-,-,"Online, BO3, Open Sheets",,Brazil,VOVOMAXBEN10,,,,,,,VGC Brasil,https://docs.google.com/spreadsheets/d/e/2PACX-1vQRdBlUmCGmInYJP-2dKLEZKCqh6HywfDWBNJdykFDVIsGK1urCsgrTYZnOoUDW0R3nuFcoaN6US7B_/pubhtml?gid=385426939&single=true,https://twitter.com/VGC_Brasil/status/1610737435859890178,No Stream,,,,https://twitter.com/VGCPastes/status/1612551180135305216,Volcarona,Azumarill,Maushold-Four,Kingambit,Gengar,Hydreigon,,üîó,
146,X9 League SV Pop Up #2,,X9,,Reg A,,21 Dec 22,208,8,26,(X-2 Cut),-,"Online, BO1 Swiss, BO3 Cut, Open Sheets",,Australia,Jack Lloyd,,,,,,,@JoeUX9,https://play.limitlesstcg.com/tournament/63a15857267e9c05d729ce6d/details,https://twitter.com/VGCPastes/status/1606359129047461888,No Stream,,,,https://twitter.com/VGCPastes/status/1606359129047461888,Volcarona,Quaquaval,Amoonguss,Murkrow,Garchomp,Kingambit,,üîó,
147,Elite Eight Invitational,,Italy,,Reg A,,21 Dec 22,8,-,8,-,-,"Seeded Top 8 Bracket, BO3 Open Team Sheets",,Portugal,Eduardo Cunha,,,,,,,Cydonia & Alexis,No Link,https://twitter.com/VGCPastes/status/1605992168908132354,https://youtu.be/TTCbEQJaWYk,,,,https://twitter.com/VGCPastes/status/1605992168908132354,Rotom-Heat,Azumarill,Murkrow,Gholdengo,Garchomp,Hydreigon,,üîó,
148,SV Neme Weekly Tour #5,,Neme,,Reg A,,19 Dec 22,35,5,8,-,-,"Online, BO1 Swiss, BO3 Cut, OPEN Sheets",?,,Gde. Ash jr,,,,,,,@IRNemesis,https://battlefy.com/irgamers/scarlet-violet-neme-weekly-s1-tour-5/639f0b8dba848c73c324d5ca/info?infoTab=details,https://twitter.com/IRNemesis/status/1608242575412006917,https://www.twitch.tv/videos/1683607844,,,,soon,Rotom-Heat,Tatsugiri,Dondozo,Annihilape,Lycanroc,Tyranitar,,üîó,
149,Libery Note Championships 2022,,LN,,Reg A,,17-18 Dec 22,283,8,37,(X-2 Cut),-,"Online, Cart, BO3 Swiss, Closed Team Sheets",,Japan,sasisu,,,,,,,Liberty Note,https://tonamel.com/competition/ddYgR,https://liberty-note.com/2022/12/19/lcs2022-report/,https://www.youtube.com/live/_MxkOLJj6JI?feature=share,https://www.youtube.com/live/-OD5CCv9D4A?feature=share,Top Cut Bracket https://tonamel.com/competition/CKeMT/tournament,https://liberty-note.com/2022/11/29/lcs2022/,https://twitter.com/_Liberty_Note/status/1604385820307501056,Maushold-Four,Amoonguss,Murkrow,Gholdengo,Garchomp,Hydreigon,,üîó,
150,NinoPokeBros FF#60,,Nino,,Reg A,,17 Dec 22,307,9,16,-,-,"Online, Cart, BO3 Open Team Sheets, Top 16 Cut",,United States,Santino Tarquinio,,,,,,,@ninopokebros,https://play.limitlesstcg.com/tournament/6397cc07267e9c05d729a94a/details,https://twitter.com/VGCPastes/status/1605168865515692034,https://www.youtube.com/live/e531ilyBxkE?feature=share,,,,https://twitter.com/ninopokebros/status/1604319542338940928,Talonflame,Tatsugiri,Dondozo,Meowscarada,Murkrow,Gholdengo,,üîó,
151,X9 League SV Pop Up #1,,X9,,Reg A,,18 Dec 22,111,7,23,(X-2 Cut),-,"Online, Cart, BO1 Swiss, BO3 Cut, Open Sheets",,United States,Joseph Ugarte,,,,,,,@JoeUX9,https://play.limitlesstcg.com/tournament/639e88a1267e9c05d729c40a/details,https://twitter.com/VGCPastes/status/1605656251194519555,No Stream,,,,https://twitter.com/VGCPastes/status/1605656251194519555,Volcarona,Rotom-Wash,Murkrow,Gholdengo,Meowscarada,Garchomp,,üîó,
152,Banndittaa Battle Royale #2,,Bann,,Reg A,,18 Dec 22,66,7,13,(X-2 Cut),-,"Online, Cart, Closed Team Sheets",,Australia,Luke Iuele,,,,,,,@banndittaa,https://battlefy.com/banndittaa-battle-royale/banndittaa-battle-royale/638d5a2e9a3c447dc81d6d06/info?infoTab=details,https://twitter.com/VGCPastes/status/1604473113873289216,https://www.twitch.tv/videos/1682020423,,,,https://twitter.com/banndittaa/status/1604464067674271744,Maushold,Garganacl,Murkrow,Gholdengo,Dragonite,Hydreigon,,üîó,
153,VR X Gamergy Invitational,,VR,,Reg A,,18 Dec 22,8,Invite,8,-,-,"Seeded Top 8 Bracket, BO3 Open Team Sheets",,Spain,Victor Medina,,,,,,,Victory Road ES,No Link,https://victoryroadvgc.com/es/vr-gamergy-invitational/,https://www.twitch.tv/videos/1682484577,,,,https://twitter.com/VictoryRoadES/status/1604593597558312960,Sylveon,Tatsugiri,Dondozo,Meowscarada,Lycanroc,Tyranitar,,üîó,
154,VR X Gamergy Open,,Spain,,Reg A,,17 Dec 22,40,6,8,-,-,"In-person, BO3 Open Team Sheets",,Spain,Daniel Munuera,,,,,,,Victory Road ES,https://twitter.com/ElChurrero13/status/1604196288223928320,https://victoryroadvgc.com/es/vr-gamergy-open-vgc/,No Stream,,,,https://twitter.com/VictoryRoadES/status/1604589823049666560,Talonflame,Skeledirge,Houndstone,Gholdengo,Annihilape,Tyranitar,,üîó,
155,Arlington Open VG Side Event,,United states,,Reg A,,18 Dec 22,18,5,8,-,-,"In-person, BO3, Closed Sheets Swiss, Open Sheets Cut",,United States,Giovanni Cischke,,,,,,,TPCi,https://pbs.twimg.com/media/FkSrlJKWIAEjYvb?format=jpg&name=large,https://twitter.com/VGCPastes/status/1605934587120562176,No Stream,,,,https://twitter.com/VGCPastes/status/1605934587120562176,Skeledirge,Rotom-Wash,Amoonguss,Corviknight,Garchomp,Hydreigon,,üîó,
156,Carolina & Georgia Joint Tour,,United States,,Reg A,,18 Dec 22,17,5,8,-,-,"Online, Cart, BO3 Open Team Sheets",,United States,kairoshi,,,,,,,PapaShuckle & Bruneaux,https://play.limitlesstcg.com/tournament/639b6a86267e9c05d729b612/details,https://twitter.com/VGCPastes/status/1606335157861957634,No Stream,,,,https://twitter.com/VGCPastes/status/1606335157861957634,Arcanine,Rotom-Wash,Amoonguss,Grimmsnarl,Garchomp,Hydreigon,,üîó,
157,Genova Local Tour,,Italy,,Reg A,,18 Dec 22,21,5,8,-,-,"In-person, BO3 Open Team Sheets",,Italy,Federico Isola,,,,,,,Genova Community,No Link,https://twitter.com/Alca_VGC/status/1604612934499536898,No Stream,,,,,Armarouge,Skeledirge,Maushold-Four,Meowscarada,Annihilape,Talonflame,,üîó,
158,ManaVortex Local #1,,Spain,,Reg A,,18 Dec 22,24,5,8,-,-,"In-person, BO3 Open Team Sheets",,Spain,Xomi,,,,,,,@ManaVortex,No Link,https://twitter.com/manavortexshop/status/1604815955099635716,No Stream,,,,https://twitter.com/manavortexshop/status/1604815955099635716,Maushold-Four,Skeledirge,Azumarill,Meowscarada,Annihilape,Grimmsnarl,,üîó,
159,DDIP Welcome to Paldea Tour,,Dominican Republic,,Reg A,,18 Dec 22,16,5,8,-,-,"In-person, BO3 Open Team Sheets",,Dominican Republic,Mario Herrera,,,,,,,@ezra_tl,https://www.start.gg/tournament/don-t-drown-in-pools-vol-2/event/pokemon-vgc-10am,https://twitter.com/Fireblastrd/status/1606729636594999296,No Stream,,,,https://twitter.com/VGCPastes/status/1607716467742740481,Grimmsnarl,Azumarill,Amoonguss,Meowscarada,Annihilape,Hydreigon,,üîó,
160,Battle Arcade #1,,Italy,,Reg A,,18 Dec 22,15,4,4,-,-,"In-person, BO3 Open Team Sheets",,Italy,Samuele Gaione,,,,,,,@KitWillerVGC,No Link,https://twitter.com/KitWillerVGC/status/1604798878116618242,No Stream,,,,https://twitter.com/KitWillerVGC/status/1604798878116618242,Armarouge,Tatsugiri,Dondozo,Indeedee-F,Kilowattrel,Garchomp,,üîó,
161,Perth VGC Locals,,Australia,,Reg A,,18 Dec 22,19,5,8,-,-,"In-person, BO3 Open Team Sheets",,Australia,Jason Slifka,,,,,,,@Mattando97,https://media.discordapp.net/attachments/979220647219699722/1055556340535279756/aRADZ3F3.jpg-large.jpeg,https://twitter.com/VGCPastes/status/1605927888200531972,https://twitter.com/Mattando97/status/1604500452972056576,,,,https://twitter.com/Mattando97/status/1604498884382056454,Maushold-Four,Breloom,Murkrow,Gholdengo,Annihilape,Garchomp,,üîó,
162,PGP: Test the Waters,,Philippines,,Reg A,,18 Dec 22,21,5,8,-,-,"Online, Cart, Open Team Sheets",,Philippines,Allan Contaoi,,,,,,,Pilipinas Got Pokemon,https://challonge.com/TestTheWatersVgc,https://twitter.com/TyrantVGC/status/1604748256789291008,No Stream,,,https://docs.google.com/spreadsheets/d/1VZka0iMc9yaKzVFjLQifrOmytZij9bKkACWgTRVipxM/edit#gid=398719825,https://twitter.com/TyrantVGC/status/1604748256789291008,Armarouge,Azumarill,Murkrow,Gholdengo,Indeedee-F,Hariyama,,üîó,
163,Edmonton Local #1,,Canada,,Reg A,,18 Dec 22,14,4,4,-,-,"In-person, Open Team Sheets",,Canada,Myles Kristalovich,,,,,,,Pok√©Sports Alberta,No Link,https://twitter.com/PokeSportsAB/status/1606133322387755011,No Stream,,,,,Armarouge,Indeedee-F,Meowscarada,Murkrow,Maushold,Annihilape,,,
164,Magnetman Tour #1,,Indonesia,,Reg A,,18 Dec 22,13,4,4,-,-,"Online, BO3, Open Sheets",,Indonesia,Mayburn,,,,,,,@MagnetmanVGC,https://battlefy.com/magnetman/magnetman-paldea-vgc-debut-tournament/6389e928ef65c3741d847c53/info?infoTab=details,https://twitter.com/MagnetmanVGC/status/1605087669620731904,No Stream,,,,,Torkoal,Rotom-Wash,Meowscarada,Murkrow,Gholdengo,Garchomp,,,
165,DSEA Pok√©mon Clash #1,,The Netherlands,,Reg A,,17 Dec 22,46,6,8,-,-,"In-person, B03 Open Team Sheets",,The Netherlands,Apron,,,,,,,@AbsurdityNL,No link,https://twitter.com/VGCPastes/status/1604901165572816897,https://www.twitch.tv/videos/1681384855,,,,,Sylveon,Rotom-Wash,Murkrow,Gholdengo,Annihilape,Grimmsnarl,,üîó,
166,Misora's SV Hatt Tour #2,,Hatt,,Reg A,,17 Dec 22,22,5,8,-,-,"Online, BO3 Swiss, Showdown, Closed Sheets",,Canada,Megamite,,,,,,,@HattereneSeries,https://play.limitlesstcg.com/tournament/63850094a527ff22cbbdf11e/details,https://twitter.com/VGCPastes/status/1605546287922757633,No Stream,,,,https://twitter.com/VGCPastes/status/1605546287922757633,Arcanine,Azumarill,Amoonguss,Garganacl,Gothitelle,Hydreigon,,üîó,
167,Pok√©mex's Extreme Speed #3,,M√©xico,,Reg A,,17 Dec 22,20,6,8,-,-,"Online, BO1 Swiss, BO3 Cut, Closed Sheets",,Colombia,LugiaKas,,,,,,,@pokemex,https://battlefy.com/pok√©mex/extreme-speed-3-vgc-23/639b98948dae8f73a9a20bba/info?infoTab=details,https://twitter.com/pokemex/status/1605389521658445824,No Stream,,,https://twitter.com/LugiaDarkSkin/status/1604335508741554176,https://twitter.com/VGCPastes/status/1606043050391662593,Gardevoir,Rotom-Wash,Murkrow,Dragapult,Hydreigon,Tyranitar,,üîó,
168,RT23 Mt Silver #1,,MS,,Reg A,,14 Dec 22,30,5,14,(X-2 Cut),-,"Online, Showdown,  BO3 Open Team Sheets",,Italy,Triir,,,,,,,@MtSilverVGC,https://play.limitlesstcg.com/tournament/639921b6267e9c05d729ad9f/details,https://twitter.com/VGCPastes/status/1605528557869879297,https://twitter.com/VGCPastes/status/1605528557869879297,,,,https://twitter.com/triir22/status/1603147596440260608,Rotom-Heat,Tatsugiri,Dondozo,Meowscarada,Lycanroc,Tyranitar,,üîó,
169,Kai's The Eevee Cup,,Kai,,Reg A,,14 Dec 22,23,5,8,-,-,"Online, BO3 Closed Team Sheets",,United Kingdom,PaulJSpear,,,,,,,@KaiTheProfeessor,https://play.limitlesstcg.com/tournament/6392174a73053a08b70b77b0/details,https://twitter.com/KaiTheProfessor/status/1606790848217337858,No Stream,,,https://twitter.com/PaulJSpear/status/1603355159626928129,https://twitter.com/VGCPastes/status/1607027121649745920,Skeledirge,Azumarill,Amoonguss,Kingambit,Grimmsnarl,Hydreigon,,üîó,
170,SV Neme Weekly Tour #4,,Neme,,Reg A,,12 Dec 22,31,5,8,-,-,"Online, BO1 Swiss, BO3 Cut, Closed Sheets",,Costa Rica,Lucky-Sama,,,,,,,@IRNemesis,https://battlefy.com/irgamers/scarlet-violet-neme-tour-4/6396417dcede7e5bf1921384/info?infoTab=details,https://twitter.com/IRNemesis/status/1608198697682341888,https://www.twitch.tv/videos/1677463135,,,,soon,Armarouge,Indeedee-F,Meowscarada,Annihilape,Maushold-Four,Murkrow,,üîó,
171,VR Welcome to Paldea,,VR,,Reg A,,10-11 Dec 22,465,9,41,(X-2 Cut),-,"Cart, ""Open Tera Types"" (Closed Team Sheets)",,United States,Adrien Hurley,,,,,,,Victory Road,https://battlefy.com/victoryroad/victory-road-welcome-to-paldea/6386078e848c657eca5b75bf/info?infoTab=details,https://victoryroadvgc.com/vr-welcome-paldea/,No Stream,,,,https://twitter.com/VGCVictoryRoad/status/1601999776911851521,Torkoal,Tatsugiri,Dondozo,Meowscarada,Pawmot,Gothitelle,,üîó,
172,The Wide League SV #1,,WD,,Reg A,,10-11 Dec 22,241,8,29,(X-2 Cut),-,"Online Tour, Closed Team Sheets",,Spain,Rahxen,,,,,,,The Wide League,https://www.communitygaming.io/tournament/the-wide-league-s-v-vgc-tournament,https://twitter.com/TheWideLeague/status/1602121917821222912,https://www.twitch.tv/videos/1675652522,https://www.twitch.tv/videos/1676607605,,https://twitter.com/TheWideLeague/status/1602121917821222912,https://twitter.com/TheWideLeague/status/1602389559551168512,Sylveon,Tatsugiri,Dondozo,Meowscarada,Lycanroc,Tyranitar,,üîó,
173,Pok√©mex's Extreme Speed #2,,M√©xico,,Reg A,,11 Dec 22,24,6,8,-,-,"Online Tour, BO1 Swiss, BO3 Cut, Closed Team Sheets",,Chile,ShoVasquez,,,,,,,@pokemex,https://battlefy.com/pok%C3%A9mex/extreme-speed-2-vgc-23/63951dc5ecfc214cd8ba53e9/info?infoTab=details,https://twitter.com/pokemex/status/1603535094601359360,https://www.twitch.tv/videos/1676638934,,,https://twitter.com/pokemex/status/1602029809970077696,https://twitter.com/VGCPastes/status/1604890912424722432,Meowscarada,Amoonguss,Murkrow,Gholdengo,Garchomp,Hydreigon,,üîó,
174,Playground Live Pado Challenge Series 1,,Italy,,Reg A,,11 Dec 22,30,5,8,-,-,"In-person, Open Team Sheets",,Italy,Lorenzo Marcelli,,,,,,,@PadoVGC,https://battlefy.com/flavio-del-pidio/playground-live-scarlet-and-violet-quinta-tappa/638e3366fda0cf063ca32456/info?infoTab=details,https://twitter.com/PadoVGC/status/1602311884044382209,https://www.twitch.tv/videos/1676277804,,,,https://twitter.com/PadoVGC/status/1602311884044382209,Rotom-Heat,Breloom,Murkrow,Gholdengo,Gastrodon,Krookodile,,üîó,
175,Monkey VGC Series 1 Tour,,Italy,,Reg A,,11 Dec 22,20,5,8,-,-,"In-person, Open Team Sheets",,Italy,Shai Giuseppe Rab√†,,,,,,,@vaquerocky,No Link,https://twitter.com/VGCPastes/status/1602336590734295048,https://www.twitch.tv/videos/1676456760,https://www.twitch.tv/whyismilksogood,,,https://twitter.com/VGCPastes/status/1602336590734295048,Armarouge,Indeedee-F,Tatsugiri,Dondozo,Lycanroc,Tyranitar,,üîó,
176,Cosenza Tour (Italy),,Italy,,Reg A,,11 Dec 22,11,4,4,-,-,"In-person, BO3 Swiss, Open Team Sheets",,Italy,Regulus,,,,,,,@QuagSimony,No Link,https://twitter.com/QuagSimon/status/1602349772333092883,No VODs üò•,,,,https://twitter.com/QuagSimon/status/1602349772333092883,Maushold-Four,Breloom,Murkrow,Gholdengo,Garchomp,Hydreigon,,üîó,
177,Tera Square #1,,Japan,,Reg A,,11 Dec 22,55,6,8,-,-,"Online Tour, Cart, Closed Team Sheets",,Japan,Yanagi,,,,,,,@TeraSquareOffl,https://tonamel.com/competition/BMGyU,https://twitter.com/VGCPastes/status/1601958897899536384,https://youtu.be/hnrD43Vt6Ck,,,,https://twitter.com/VGCPastes/status/1601958897899536384,Armarouge,Indeedee-F,Torkoal,Meowscarada,Dragonite,Hariyama,,üîó,
178,PGP: The Storm Begins,,Philippines,,Reg A,,11 Dec 22,35,6,8,-,-,"Online Tour, Cart, Open Team Sheets",,Philippines,`Axe`,,,,,,,Pilipinas Got Pokemon,https://docs.google.com/spreadsheets/d/1VZka0iMc9yaKzVFjLQifrOmytZij9bKkACWgTRVipxM/edit#gid=398719825,https://twitter.com/VGCPastes/status/1601949949834719234,https://youtu.be/SHrhnj_25Ak,,,,https://twitter.com/VGCPastes/status/1601949949834719234,Rotom-Heat,Tatsugiri,Dondozo,Annihilape,Lycanroc,Tyranitar,,üîó,
179,Brisbane Local Event,,Australia,,Reg A,,11 Dec 22,33,4/5,8,-,-,"In-person, Open Team Sheets",,Australia,Teagan Macdonald,,,,,,,@Aussie_Phil_N,No Link,https://twitter.com/Aussie_Phil_N/status/1601901722888273920,https://www.twitch.tv/videos/1675947126,,,,https://twitter.com/VGCPastes/status/1602677057577795584,Rotom-Heat,Tatsugiri,Dondozo,Annihilape,Lycanroc,Tyranitar,-,-,
180,Most Excellent $1K New England,,United States,,Reg A,,10 Dec 22,41,6,15,(X-2 Cut),-,"In-person, Closed Sheets Swiss, Open Sheets Cut",,United States,John Valentino,,,,,,,@CableVGC,No Link,https://twitter.com/VGCPastes/status/1602298574984732672,https://www.twitch.tv/videos/1675438916,,,,https://twitter.com/VGCPastes/status/1602298574984732672,Skeledirge,Kilowattrel,Sylveon,Gholdengo,Garchomp,Tyranitar,,üîó,
181,Oakville Local #1,,Canada,,Reg A,,10 Dec 22,10,4,4,-,-,"Organized by Prof Morph, BO3 Open Team Sheets",,Canada,Jesse R,,,,,,,@Toronto_VGC,No Link,https://twitter.com/Toronto_VGC/status/1601744404909547520,No Stream,,,https://twitter.com/professor_morph/status/1601805442379816963,https://twitter.com/Toronto_VGC/status/1601744404909547520,Talonflame,Tatsugiri,Dondozo,Gholdengo,Grimmsnarl,Hydreigon,,üîó,
182,Lega Pok√©mon Valdarno Tour #1,,Italy,,Reg A,,10 Dec 22,?,?,4,-,-,"In-Person, No more info",,Italy,Luca Bartoli,,,,,,,@Markw_Vgc,No Link,https://twitter.com/Markw_Vgc/status/1602327474540519425,No Stream,,,https://www.facebook.com/valdarnopokemon,,Rotom-Wash,Breloom,Murkrow,Gholdengo,Garchomp,Tyranitar,,üîó,
183,Shizuku Off #2,,Japan,,Reg A,,10 Dec 22,72,9RR,16,-,-,"In-person, BO1 Round Robin, Closed Team Sheets, BO3 Top Cut",,Japan,pokespace2,,,,,,,Shizuku Off Team,https://twitter.com/KtDarknesss/status/1601434160740306944,https://liberty-note.com/2022/12/12/shizukuoff2-report/,https://www.youtube.com/playlist?list=PLM08fjC8O2wka_7cVB5YvlNhTKx0pwgzh,,Bracket https://twitter.com/VGCPastes/status/1604890952715206656,https://twitter.com/KtDarknesss/status/1601436553506861057,https://twitter.com/VGCPastes/status/1601979020890865664,Volcarona,Florges,Grimmsnarl,Meowscarada,Pawmot,Dragapult,,üîó,
184,Belgium Local #1,,Belgium,,Reg A,,10 Dec 22,15,4,4,-,-,No Info,,Belgium,Elias Truyens,,,,,,,@Shmonstah,No Link,https://twitter.com/Shmonstah/status/1602209416127946756,,,,,https://twitter.com/Shmonstah/status/1602209416127946756,Armarouge,Indeedee-F,Annihilape,Gholdengo,Mudsdale,Baxcalibur,,üîó,
185,NinoPokeBros FF#59,,Nino,,Reg A,,9 Dec 22,211,8,30,(X-2 Cut),-,"Cart, Open Sheets, BO1 SWISS, BO3 Top Cut",,United States,Atmosphere,,,,,,,@ninopokebros,https://play.limitlesstcg.com/tournament/639073f073053a08b70b72f7/details,https://twitter.com/ninopokebros/status/1601632416526790657,https://www.twitch.tv/videos/1674708362,,,https://twitter.com/VGCPastes/status/1601798188943364096,https://twitter.com/VGCPastes/status/1601586057707147265,Armarouge,Indeedee-F,Abomasnow,Cetitan,Annihilape,Hydreigon,,üîó,
186,Team Curry SV Tour #1,,Chile,,Reg A,,5 Dec 22,17,5,8,-,-,"Online, BO3, Closed Sheets",,Chile,hummus,,,,,,,@TeamCurryVGC,https://battlefy.com/torneos-team-curry/curry-violetscarlet-s1-1/6388aefdfda0cf063ca31a1b/participants,https://twitter.com/TeamCurryVGC/status/1603349320291389440,No Stream,,,,,Arcanine,Rotom-Wash,Amoonguss,Gholdengo,Grimmsnarl,Salamence,,üîó,
187,SV Neme Weekly Tour #3,,Neme,,Reg A,,5 Dec 22,39,5,8,-,-,"Online, BO1 Swiss, BO3 Cut, Closed Sheets",,Chile,Ponkachu,,,,,,,@IRNemesis,https://battlefy.com/irgamers/scarlet-violet-rentals-tour-3/638d0024f88adb228db4adce/info?infoTab=details,https://twitter.com/IRNemesis/status/1603030971128811520,https://www.twitch.tv/videos/1671341391,,,,,Annihilape,Gallade,Murkrow,Gholdengo,Dragonite,Hydreigon,,üîó,
188,LimitlessVGC Series 1,,Limit,,Reg A,,3-4 Dec 22,455,9+5,36,(X-3 Cut),-,"Cart, Open Team Sheets",,Italy,FedeCampoVGC,,,,,,,@BillaVGC,https://play.limitlesstcg.com/tournament/63888ea3a527ff22cbbdfec7/details,https://twitter.com/VGCPastes/status/1599384181212991490,https://youtu.be/j_z-clrNtCk?t=2509,,Stats Breakdown: https://sites.google.com/view/mts-vgc/vgc-analysis/limitlessvgc-analysis?pli=1,https://twitter.com/VGCPastes/status/1599765535725539328,https://twitter.com/VGCPastes/status/1599384181212991490,Ceruledge,Gengar,Murkrow,Gholdengo,Dragonite,Hydreigon,,üîó,
189,Costa Rica Cup #1,,Costa Rica,,Reg A,,4 Dec 22,31,5,8,-,-,"In-person, Closed Team Sheets",,Costa Rica,Esteban Molina,,,,,,,@HiraVGC,https://twitter.com/VGCPastes/status/1600157731536896001,https://twitter.com/HiraVGC/status/1599641978072768512,No Stream,,,,https://twitter.com/VGCPastes/status/1600157731536896001,Talonflame,Gyarados,Amoonguss,Gardevoir,Garchomp,Hydreigon,,üîó,
190,Pok√©Gathering 4,,VGCU,,Reg A,,4 Dec 22,54,6,8,-,-,"In-person, Closed Team Sheets",,Switzerland,Andrea Olea,,,,,,,@UniversityVgc,https://pbs.twimg.com/media/FjK63GXWYAEyC3A?format=jpg&name=large,https://twitter.com/PeRaZzaVGC/status/1590767592817369088,https://www.twitch.tv/videos/1670028036,https://www.twitch.tv/videos/1670128876,,,https://twitter.com/VGCPastes/status/1600889095294550016,Rotom-Heat,Tatsugiri,Dondozo,Annihilape,Lycanroc,Tyranitar,,üîó,
191,VGCPastes RTT #3,,Pastes,,Reg A,,3 Dec 22,48,6,14,(X-2 Cut),-,"Random Teams, Showdown Tour",,Italy,Andorevgc,,,,,,,VGCPastes,https://battlefy.com/vgcpastes/random-team-tour-3-scarlet-violet/6381f4ba11e231229758eb26/info,https://docs.google.com/spreadsheets/d/10Vxbkp6YutgpeFkYYI2TbST1E8q1kVV1y9_NqIuhyoA/edit#gid=1926701433,https://www.twitch.tv/videos/1669213418,https://www.twitch.tv/videos/1670208163,,,https://twitter.com/VGCPastes/status/1599486971889737728,Sandshrew,Sandshrew,Sandshrew,Sandshrew,Sandshrew,Sandshrew,,üîó,
192,Stuttgart Side Event,,Germany,,Reg A,,3 Dec 22,20,5,8,-,-,"Side Event, Open Team Sheets",,Germany,Markus Stadter,,,,,,,@2022tournaments,https://rk9.gg/pairings/mbiaL9FrrVSJzBYi2T73,https://victoryroadvgc.com/2023-stuttgart-side-event/,https://www.twitch.tv/videos/1668998652,https://www.twitch.tv/videos/1669987965,,,https://twitter.com/VGCVictoryRoad/status/1600226069725913089,Annihilape,Maushold-Four,Murkrow,Gholdengo,Garchomp,Hydreigon,,üîó,
193,SV Neme Weekly Tour #2,,Neme,,Reg A,,2 Dec 22,36,5,8,-,-,"Online, BO1 Swiss, BO3 Cut, Closed Sheets",,Norway,Brede,,,,,,,@IRNemesis,https://battlefy.com/irgamers/scarlet-violet-rentals-tour-2/63856fdbb8f0213c62100ce7/info?infoTab=details,https://twitter.com/IRNemesis/status/1602358253278617601,https://www.twitch.tv/videos/1677463135,,,,,Rotom-Frost,Abomasnow,Murkrow,Gholdengo,Pawmot,Garchomp,,üîó,
194,Playground Live Pado Challenge,,italy,,Pre-S,,27 Nov 22,24,5,8,-,-,"Pre-Season, In-person, Cart",,Italy,Francesco Pero,,,,,,,@PadoVGC,https://battlefy.com/flavio-del-pidio/playground-live-scarlet-and-violet-quarta-tappa/637520ff9f6fb75bd88a0710/info?infoTab=details,https://twitter.com/PadoVGC/status/1597544588516155392,https://www.twitch.tv/videos/1664122545,,,,https://twitter.com/PadoVGC/status/1597544588516155392,Annihilape,Ting-Lu,Skeledirge,Gyarados,Garganacl,Grimmsnarl,,üîó,
195,NinoPokeBros FF#58,,Nino,,Pre-S,,27 Nov 22,91,7,8,-,-,"Pre-Season, Cart",,Italy,FedeCampoVGC,,,,,,,@ninopokebros,https://play.limitlesstcg.com/tournament/63826368a527ff22cbbde709/details,https://twitter.com/ninopokebros/status/1597065898086387712,No Stream,,,https://twitter.com/VGCPastes/status/1597297644497293312,https://twitter.com/VGCPastes/status/1597297644497293312,Flutter Mane,Amoonguss,Chi-Yu,Gyarados,Dragonite,Chien-Pao,,üîó,
196,Misora's SV Hatt Tour #1,,Hatt,,Pre-S,,26 Nov 22,17,5,8,-,-,"Pre-Season, Showdown Tour",,United States,Hayden,,,,,,,@HattereneSeries,https://play.limitlesstcg.com/tournament/636be3b4a527ff22cbbd8269/details,https://twitter.com/HattereneSeries/status/1597294173979545600,No Stream,,,,https://twitter.com/HattereneSeries/status/1597294173979545600,Torkoal,Flutter Mane,Chi-Yu,Tauros-Paldea-Aqua,Scizor,Grimmsnarl,,üîó,
197,DEXOff #90,,Japan,,Pre-S,,26 Nov 22,88,10RR,32,-,-,"Pre-Season, In-person, Round Robin Qualifiers",,Japan,Shun,,,,,,,@pokedexfantokyo,https://tonamel.com/competition/3qrik,https://twitter.com/VGCPastes/status/1596916679677685760,https://youtu.be/0H9AyxVFWi8?t=292,https://youtu.be/0H9AyxVFWi8?t=1233,,https://twitter.com/pokedexfantokyo/status/1596410019414958080,https://twitter.com/VGCPastes/status/1596916679677685760,Torkoal,Brute Bonnet,Chi-Yu,Farigiraf,Murkrow,Glimmora,,üîó,
198,,,,,,,,,,,,,,,,,-,-,-,-,-,-,,,,,,,,,,,,,,,,,
199,,,,,,,,,,,,,,,,,-,-,-,-,-,-,,,,,,,,,,,,,,,,,
200,,,,,,,,,,,,,,,,,-,-,-,-,-,-,,,,,,,,,,,,,,,,,
201,,,,,,,,,,,,,,,,,-,-,-,-,-,-,,,,,,,,,,,,,,,,,
202,,,,,,,,,,,,,,,,,-,-,-,-,-,-,,,,,,,,,,,,,,,,,
203,,,,,,,,,,,,,,,,,-,-,-,-,-,-,,,,,,,,,,,,,,,,,
204,,,,,,,,,,,,,,,,,-,-,-,-,-,-,,,,,,,,,,,,,,,,,
205,,,,,,,,,,,,,,,,,-,-,-,-,-,-,,,,,,,,,,,,,,,,,
206,,,,,,,,,,,,,,,,,-,-,-,-,-,-,,,,,,,,,,,,,,,,,
207,,,,,,,,,,,,,,,,,-,-,-,-,-,-,,,,,,,,,,,,,,,,,
208,,,,,,,,,,,,,,,,,-,-,-,-,-,-,,,,,,,,,,,,,,,,,
209,,,,,,,,,,,,,,,,,-,-,-,-,-,-,,,,,,,,,,,,,,,,,
210,,,,,,,,,,,,,,,,,-,-,-,-,-,-,,,,,,,,,,,,,,,,,
211,,,,,,,,,,,,,,,,,-,-,-,-,-,-,,,,,,,,,,,,,,,,,
212,,,,,,,,,,,,,,,,,-,-,-,-,-,-,,,,,,,,,,,,,,,,,
213,,,,,,,,,,,,,,,,,-,-,-,-,-,-,,,,,,,,,,,,,,,,,
214,,,,,,,,,,,,,,,,,-,-,-,-,-,-,,,,,,,,,,,,,,,,,
215,,,,,,,,,,,,,,,,,-,-,-,-,-,-,,,,,,,,,,,,,,,,,
216,,,,,,,,,,,,,,,,,-,-,-,-,-,-,,,,,,,,,,,,,,,,,
217,,,,,,,,,,,,,,,,,-,-,-,-,-,-,,,,,,,,,,,,,,,,,
218,,,,,,,,,,,,,,,,,-,-,-,-,-,-,,,,,,,,,,,,,,,,,
219,,,,,,,,,,,,,,,,,-,-,-,-,-,-,,,,,,,,,,,,,,,,,
220,,,,,,,,,,,,,,,,,-,-,-,-,-,-,,,,,,,,,,,,,,,,,
221,,,,,,,,,,,,,,,,,-,-,-,-,-,-,,,,,,,,,,,,,,,,,
222,,,,,,,,,,,,,,,,,-,-,-,-,-,-,,,,,,,,,,,,,,,,,
223,,,,,,,,,,,,,,,,,-,-,-,-,-,-,,,,,,,,,,,,,,,,,
224,,,,,,,,,,,,,,,,,-,-,-,-,-,-,,,,,,,,,,,,,,,,,
225,,,,,,,,,,,,,,,,,-,-,-,-,-,-,,,,,,,,,,,,,,,,,
226,,,,,,,,,,,,,,,,,-,-,-,-,-,-,,,,,,,,,,,,,,,,,
227,,,,,,,,,,,,,,,,,-,-,-,-,-,-,,,,,,,,,,,,,,,,,
228,,,,,,,,,,,,,,,,,-,-,-,-,-,-,,,,,,,,,,,,,,,,,
229,,,,,,,,,,,,,,,,,-,-,-,-,-,-,,,,,,,,,,,,,,,,,
230,,,,,,,,,,,,,,,,,-,-,-,-,-,-,,,,,,,,,,,,,,,,,
231,,,,,,,,,,,,,,,,,-,-,-,-,-,-,,,,,,,,,,,,,,,,,
232,,,,,,,,,,,,,,,,,-,-,-,-,-,-,,,,,,,,,,,,,,,,,
233,,,,,,,,,,,,,,,,,-,-,-,-,-,-,,,,,,,,,,,,,,,,,
234,,,,,,,,,,,,,,,,,-,-,-,-,-,-,,,,,,,,,,,,,,,,,
235,,,,,,,,,,,,,,,,,-,-,-,-,-,-,,,,,,,,,,,,,,,,,
236,,,,,,,,,,,,,,,,,-,-,-,-,-,-,,,,,,,,,,,,,,,,,
237,,,,,,,,,,,,,,,,,-,-,-,-,-,-,,,,,,,,,,,,,,,,,
238,,,,,,,,,,,,,,,,,-,-,-,-,-,-,,,,,,,,,,,,,,,,,
239,,,,,,,,,,,,,,,,,-,-,-,-,-,-,,,,,,,,,,,,,,,,,
240,,,,,,,,,,,,,,,,,-,-,-,-,-,-,,,,,,,,,,,,,,,,,
241,,,,,,,,,,,,,,,,,-,-,-,-,-,-,,,,,,,,,,,,,,,,,
242,,,,,,,,,,,,,,,,,-,-,-,-,-,-,,,,,,,,,,,,,,,,,
243,,,,,,,,,,,,,,,,,-,-,-,-,-,-,,,,,,,,,,,,,,,,,
244,,,,,,,,,,,,,,,,,-,-,-,-,-,-,,,,,,,,,,,,,,,,,
245,,,,,,,,,,,,,,,,,-,-,-,-,-,-,,,,,,,,,,,,,,,,,
246,,,,,,,,,,,,,,,,,-,-,-,-,-,-,,,,,,,,,,,,,,,,,
247,,,,,,,,,,,,,,,,,-,-,-,-,-,-,,,,,,,,,,,,,,,,,
248,,,,,,,,,,,,,,,,,-,-,-,-,-,-,,,,,,,,,,,,,,,,,
249,,,,,,,,,,,,,,,,,-,-,-,-,-,-,,,,,,,,,,,,,,,,,
250,,,,,,,,,,,,,,,,,-,-,-,-,-,-,,,,,,,,,,,,,,,,,
251,,,,,,,,,,,,,,,,,-,-,-,-,-,-,,,,,,,,,,,,,,,,,
252,,,,,,,,,,,,,,,,,-,-,-,-,-,-,,,,,,,,,,,,,,,,,
253,,,,,,,,,,,,,,,,,-,-,-,-,-,-,,,,,,,,,,,,,,,,,
254,,,,,,,,,,,,,,,,,-,-,-,-,-,-,,,,,,,,,,,,,,,,,
255,,,,,,,,,,,,,,,,,-,-,-,-,-,-,,,,,,,,,,,,,,,,,
256,,,,,,,,,,,,,,,,,-,-,-,-,-,-,,,,,,,,,,,,,,,,,
257,,,,,,,,,,,,,,,,,-,-,-,-,-,-,,,,,,,,,,,,,,,,,
258,,,,,,,,,,,,,,,,,-,-,-,-,-,-,,,,,,,,,,,,,,,,,
259,,,,,,,,,,,,,,,,,-,-,-,-,-,-,,,,,,,,,,,,,,,,,
260,,,,,,,,,,,,,,,,,-,-,-,-,-,-,,,,,,,,,,,,,,,,,