,backend,backend,July SV Ranked Battles Top 100 Teams,backend,backend,,,,,backend,backend,,,backend,backend,,,,,,Current Format: Regulation D (August),,,,,,,,,,,,Liberty Note Link,,,,,"Has
Image?",,,,,,"Backend STEP 1 - Extract Mons, Edit Pokemon input here",,,,,,"STEP 1.1 - Extract Tera, Edit Tera input here",,,,,,,"STEP 1.2 - Extract Items, Edit Item input here",,,,,,,,,,,,,STEP 2 & 3 - Sort and Arrange Mons,,,,,,,,,,,,Backend Final Arrangement,,,,,,,,,,,,,,,,,,,VR Naming Convention,,,,,,,Pokemon Text Form for Copy Pasta,,,,,,,For Discord Channel
Rank,Seed,D1 / D2,Rating,Win,Loss,Country,C,Player,Full Name,Ethnic Name,Name Notes,IGN,Twitter,Twitter Tag,LINK,,,,,,,,,,,,,,,,,,,CP,Prize,Poképaste,EVs?,Link,Team Report,Tweet,Rental Code,Team/Source Notes,,Pokepaste Extract Input 1 - Pokemon,,Insert Paste!,,,,Buffer,Pokepaste Extract Input 1 - Item,,,,,,Buffer,Pokepaste Extract Input 1 - Tera,,,,,,Update Primary Tera Type,,Get Pokemon Stats!$C:$C,Get Pokemon Stats!$H:$H,,,Source:,,Get Category SV!$B:$B,,,,Source:,,Get Category SV!$M:$M,,,,Final Pokemon 1,Tera,Final Item 1,Final Pokemon 2,Tera,Final Item 2,Final Pokemon 3,Tera,Final Item 3,Final Pokemon 4,Tera,Final Item 4,Final Pokemon 5,Tera,Final Item 5,Final Pokemon 6,Tera,Final Item 6,,Source:,,Get Category!$U:$U,,,,,,,,,,,,
"July, Regulation D",,,,,,,,,,"October, Series 13",,,,,,,,,,,,,,,,,,,,,,,,,,,,,,,,,,,,,,,,,,,,,,,,,,,,,,,,,,,,-,-,-,-,-,-,-,-,-,-,-,-,-,Tera,Item,-,Tera,Item,-,Tera,Item,-,Tera,Item,-,Tera,Item,-,Tera,Item,,,,,,,,,-,-,-,-,-,-,,
1,,,2105,,,JPN,,UB_SLOW,Kaito Arii,,,ナーク,UB_SLOW,UB_SLOW,https://twitter.com/UB_SLOW,,,,,,,,,,,,,,,,,,,,,,,,,https://twitter.com/UB_SLOW/status/1686209074797453312?s=20,,,,Iron Hands,Amoonguss,,,,,,,,,,,,,,,,,,,,,,,,,5 Iron Hands,3 Amoonguss,-,-,-,-,-,-,-,-,3 Amoonguss,5 Iron Hands,-,Tera,Item,-,Tera,Item,-,Tera,Item,-,Tera,Item,Amoonguss,,,Iron Hands,,,,,,,,,,,-,-,-,-,Amoonguss,Iron Hands,,"Iron Hands, Amoonguss"
2,,,2081,,,JPN,,スカーレット,-,,,スカーレット,,Link,https://twitter.com/Link,,,,,,,,,,,,,,,,,,,,,,,,,-,,,,,,,,,,,,,,,,,,,,,,,,,,,,,,-,-,-,-,-,-,-,-,-,-,-,-,-,Tera,Item,-,Tera,Item,-,Tera,Item,-,Tera,Item,-,Tera,Item,-,Tera,Item,,,,,,,,,-,-,-,-,-,-,,
3,,,2065,,,JPN,,yunuponnu,Fumiaki Suwa,,,おゆん,yunuponnu,Link,https://twitter.com/Link,,,,,,,,,,,,,,,,,,,,,,,,,https://twitter.com/yunuponnu/status/1686281834664284160?s=20,,,,,,,,,,,,,,,,,,,,,,,,,,,,,,-,-,-,-,-,-,-,-,-,-,-,-,-,Tera,Item,-,Tera,Item,-,Tera,Item,-,Tera,Item,-,Tera,Item,-,Tera,Item,,,,,,,,,-,-,-,-,-,-,,
4,,,2058,,,JPN,,スカーレット,feb_po,,,スカーレット,feb_po,Link,https://twitter.com/Link,,,,,,,,,,,,,,,,,,,,,,,,,https://twitter.com/feb_po/status/1686275420956786688?s=20,,,,,,,,,,,,,,,,,,,,,,,,,,,,,,-,-,-,-,-,-,-,-,-,-,-,-,-,Tera,Item,-,Tera,Item,-,Tera,Item,-,Tera,Item,-,Tera,Item,-,Tera,Item,,,,,,,,,-,-,-,-,-,-,,
5,,,2057,,,JPN,,まろん,maron_itf,,,まろん,maron_itf,Link,https://twitter.com/Link,,,,,,,,,,,,,,,,,,,,,,,,,https://twitter.com/maron_itf/status/1686186682276802560?s=20,,,,,,,,,,,,,,,,,,,,,,,,,,,,,,-,-,-,-,-,-,-,-,-,-,-,-,-,Tera,Item,-,Tera,Item,-,Tera,Item,-,Tera,Item,-,Tera,Item,-,Tera,Item,,,,,,,,,-,-,-,-,-,-,,
6,,,2054,,,JPN,,SHUSUKE,SHUSUKE,,,スカーレット,shu_poke0412,Link,https://twitter.com/Link,,,Life Orb,,,Figy Berry,,,Choice Scarf,,,Focus Sash,,,Choice Band,,,Choice Specs,,,https://pokepast.es/fab32b84cc058646,Yes,,https://sw20010412.hatenablog.com/entry/2023/08/01/104016,https://twitter.com/shu_poke0412/status/1686191845083377665?s=46&t=WmXEnVa3rTSw0P9A0n6S3Q,B3W2XH,,,Dondozo,Heatran,Lycanroc,Tyranitar,Tatsugiri-Stretchy,Sylveon,,Figy Berry,Life Orb,Focus Sash,Choice Band,Choice Scarf,Choice Specs,,Ghost,Grass,Ghost,Flying,Water,Water,Ghost,Grass,Ghost,Flying,Water,Water,2 Dondozo,1 Heatran,5 Lycanroc,5 Tyranitar,2 Tatsugiri-Stretchy,9 Sylveon,1 Heatran,2 Dondozo,2 Tatsugiri-Stretchy,5 Lycanroc,5 Tyranitar,9 Sylveon,Heatran,Grass,Life Orb,Dondozo,Ghost,Figy Berry,Tatsugiri-Stretchy,Water,Choice Scarf,Lycanroc,Ghost,Focus Sash,Tyranitar,Flying,Choice Band,Sylveon,Water,Choice Specs,,,,,,,,,Heatran,Dondozo,Tatsugiri-Stretchy,Lycanroc,Tyranitar,Sylveon,,"Dondozo, Heatran, Lycanroc, Tyranitar, Tatsugiri-Stretchy, Sylveon"
7,,,2053,,,JPN,,Ren,Ren Kotorii,,,オレンジ,LonPhop,Link,https://twitter.com/Link,,,,,,,,,,,,,,,,,,,,,,,,,https://twitter.com/LonPhop/status/1686224260380102657?s=20,,,,Flutter Mane,Urshifu,Farigiraf,Landorus,Arcanine-Hisui,Torkoal,,,,,,,,,Ghost,Fighting,Normal,Ground,Fire,Fire,Ghost,Fighting,Normal,Ground,Fire,Fire,8 Flutter Mane,4 Urshifu,6 Farigiraf,4 Landorus,0 Arcanine-Hisui,0 Torkoal,0 Arcanine-Hisui,0 Torkoal,4 Landorus,4 Urshifu,6 Farigiraf,8 Flutter Mane,Arcanine-Hisui,Fire,,Torkoal,Fire,,Landorus,Ground,,Urshifu,Fighting,,Farigiraf,Normal,,Flutter Mane,Ghost,,,,,,,,,,Arcanine-Hisui,Torkoal,Landorus,Urshifu,Farigiraf,Flutter Mane,,"Flutter Mane, Urshifu, Farigiraf, Landorus, Arcanine-Hisui, Torkoal"
8,,,2050,,,JPN,,yunuponnu,Fumiaki Suwa,,,ゆヌ,yunuponnu,Link,https://twitter.com/Link,,,,,,,,,,,,,,,,,,,,,,,,,https://twitter.com/yunuponnu/status/1686281834664284160?s=20,,,,,,,,,,,,,,,,,,,,,,,,,,,,,,-,-,-,-,-,-,-,-,-,-,-,-,-,Tera,Item,-,Tera,Item,-,Tera,Item,-,Tera,Item,-,Tera,Item,-,Tera,Item,,,,,,,,,-,-,-,-,-,-,,
9,,,2047,,,JPN,,akiakaba,Takumi Souma,,,アカバ,akiakaba,Link,https://twitter.com/Link,,,,,,,,,,,,,,,,,,,,,,,,,https://twitter.com/akiakaba/status/1686200403023785984?s=20,,,,,,,,,,,,,,,,,,,,,,,,,,,,,,-,-,-,-,-,-,-,-,-,-,-,-,-,Tera,Item,-,Tera,Item,-,Tera,Item,-,Tera,Item,-,Tera,Item,-,Tera,Item,,,,,,,,,-,-,-,-,-,-,,
10,,,2046,,,JPN,,SHUSUKE,SHUSUKE,,,バイオレット,shu_poke0412,Link,https://twitter.com/Link,,,Life Orb,,,Figy Berry,,,Choice Scarf,,,Focus Sash,,,Choice Band,,,Choice Specs,,,https://pokepast.es/fab32b84cc058646,Yes,,https://sw20010412.hatenablog.com/entry/2023/08/01/104016,https://twitter.com/shu_poke0412/status/1686191845083377665?s=46&t=WmXEnVa3rTSw0P9A0n6S3Q,B3W2XH,,,Dondozo,Heatran,Lycanroc,Tyranitar,Tatsugiri-Stretchy,Sylveon,,Figy Berry,Life Orb,Focus Sash,Choice Band,Choice Scarf,Choice Specs,,Ghost,Grass,Ghost,Flying,Water,Water,Ghost,Grass,Ghost,Flying,Water,Water,2 Dondozo,1 Heatran,5 Lycanroc,5 Tyranitar,2 Tatsugiri-Stretchy,9 Sylveon,1 Heatran,2 Dondozo,2 Tatsugiri-Stretchy,5 Lycanroc,5 Tyranitar,9 Sylveon,Heatran,Grass,Life Orb,Dondozo,Ghost,Figy Berry,Tatsugiri-Stretchy,Water,Choice Scarf,Lycanroc,Ghost,Focus Sash,Tyranitar,Flying,Choice Band,Sylveon,Water,Choice Specs,,,,,,,,,Heatran,Dondozo,Tatsugiri-Stretchy,Lycanroc,Tyranitar,Sylveon,,"Dondozo, Heatran, Lycanroc, Tyranitar, Tatsugiri-Stretchy, Sylveon"
11,,,2033,,,JPN,,syokora,syokora,,,S.REM,syokoractvdd,Link,https://twitter.com/Link,,,,,,,,,,,,,,,,,,,,,,,,,https://twitter.com/syokoractvdd/status/1686219405607489536?s=20,,,,,,,,,,,,,,,,,,,,,,,,,,,,,,-,-,-,-,-,-,-,-,-,-,-,-,-,Tera,Item,-,Tera,Item,-,Tera,Item,-,Tera,Item,-,Tera,Item,-,Tera,Item,,,,,,,,,-,-,-,-,-,-,,
12,,,2033,,,JPN,,Mutou,Mutou,,,ラナンQ,mutou610poke,Link,https://twitter.com/Link,,,Mystic Water,,,Aguav Berry,,,Assault Vest,,,Grassy Seed,,,Sitrus Berry,,,Choice Scarf,,,https://pokepast.es/7b242838a42a1710,Yes,https://cdn.discordapp.com/attachments/1115863629896626237/1134568849270898768/IMG_9848.jpg,https://mutou610pokepoke.hatenablog.com/entry/2023/08/01/122453,https://twitter.com/mutou610poke/status/1686217285449687040?s=46&t=WmXEnVa3rTSw0P9A0n6S3Q,DHRM3H,Peaked 3rd on July 24,,Zapdos-Galar,Cresselia,Rillaboom,Palafin,Gholdengo,Ting-Lu,,Grassy Seed,Sitrus Berry,Aguav Berry,Mystic Water,Choice Scarf,Assault Vest,,Electric,Fairy,Fire,Water,Steel,Fairy,Electric,Fairy,Fire,Water,Steel,Fairy,5 Zapdos-Galar,7 Cresselia,3 Rillaboom,2 Palafin,8 Gholdengo,5 Ting-Lu,2 Palafin,3 Rillaboom,5 Ting-Lu,5 Zapdos-Galar,7 Cresselia,8 Gholdengo,Palafin,Water,Mystic Water,Rillaboom,Fire,Aguav Berry,Ting-Lu,Fairy,Assault Vest,Zapdos-Galar,Electric,Grassy Seed,Cresselia,Fairy,Sitrus Berry,Gholdengo,Steel,Choice Scarf,,,,,,,,,Palafin,Rillaboom,Ting-Lu,Zapdos-Galar,Cresselia,Gholdengo,,"Zapdos-Galar, Cresselia, Rillaboom, Palafin, Gholdengo, Ting-Lu"
13,,,2032,,,JPN,,Kurotama,Ryosuke Hamasato,,,くろたま,bale_tottenham,Link,https://twitter.com/Link,,,Choice Specs,,,Safety Goggles,,,Assault Vest,,,Choice Band,,,Sitrus Berry,,,Booster Energy,,,https://pokepast.es/769feca77b913d46,No,,,https://twitter.com/bale_tottenham/status/1686328819219865600?s=46&t=WmXEnVa3rTSw0P9A0n6S3Q,None,,,Flutter Mane,Urshifu-Rapid-Strike,Iron Hands,Landorus-Therian,Chi-Yu,Tornadus,,Booster Energy,Safety Goggles,Assault Vest,Choice Band,Choice Specs,Sitrus Berry,,Grass,Water,Grass,Water,Ghost,Ghost,Grass,Water,Grass,Water,Ghost,Ghost,9 Flutter Mane,2 Urshifu-Rapid-Strike,5 Iron Hands,6 Landorus-Therian,1 Chi-Yu,6 Tornadus,1 Chi-Yu,2 Urshifu-Rapid-Strike,5 Iron Hands,6 Landorus-Therian,6 Tornadus,9 Flutter Mane,Chi-Yu,Ghost,Choice Specs,Urshifu-Rapid-Strike,Water,Safety Goggles,Iron Hands,Grass,Assault Vest,Landorus-Therian,Water,Choice Band,Tornadus,Ghost,Sitrus Berry,Flutter Mane,Grass,Booster Energy,,,,,,,,,Chi-Yu,Urshifu-Rapid-Strike,Iron Hands,Landorus-Therian,Tornadus,Flutter Mane,,"Flutter Mane, Urshifu-Rapid-Strike, Iron Hands, Landorus-Therian, Chi-Yu, Tornadus"
14,,,2031,,,JPN,,CRYMAX,Kazuki Kobayashi,,,CRYMAX,sharuku_6242,Link,https://twitter.com/Link,,,,,,,,,,,,,,,,,,,,,,,,,https://twitter.com/sharuku_6242/status/1686661710990737408?s=46&t=WmXEnVa3rTSw0P9A0n6S3Q,,,,,,,,,,,,,,,,,,,,,,,,,,,,,,-,-,-,-,-,-,-,-,-,-,-,-,-,Tera,Item,-,Tera,Item,-,Tera,Item,-,Tera,Item,-,Tera,Item,-,Tera,Item,,,,,,,,,-,-,-,-,-,-,,
15,,,2031,,,ENG,,JasePokemon,JasePokemon,,,Jason,JasePokemon,Link,https://twitter.com/Link,,,Flame Orb,,,Focus Sash,,,Rocky Helmet,,,Covert Cloak,,,Choice Scarf,,,Choice Specs,,,https://pokepast.es/e0ee594a6937f23f,Yes,https://pbs.twimg.com/media/F2aH2QyasAAGG7X?format=jpg&name=large,,https://twitter.com/JasePokemon/status/1686184493567348736?t=NAT91ZJOnXa76F64BEe9WQ&s=19,QRHD6C,,,Tornadus,Urshifu,Gholdengo,Maushold-Four,Cresselia,Ursaluna,,Covert Cloak,Focus Sash,Choice Specs,Rocky Helmet,Choice Scarf,Flame Orb,,Ghost,Dark,Steel,Flying,Fairy,Ghost,Ghost,Dark,Steel,Flying,Fairy,Ghost,6 Tornadus,5 Urshifu,8 Gholdengo,6 Maushold-Four,7 Cresselia,5 Ursaluna,5 Ursaluna,5 Urshifu,6 Maushold-Four,6 Tornadus,7 Cresselia,8 Gholdengo,Ursaluna,Ghost,Flame Orb,Urshifu,Dark,Focus Sash,Maushold-Four,Flying,Rocky Helmet,Tornadus,Ghost,Covert Cloak,Cresselia,Fairy,Choice Scarf,Gholdengo,Steel,Choice Specs,,,,,,,,,Ursaluna,Urshifu,Maushold-Four,Tornadus,Cresselia,Gholdengo,,"Tornadus, Urshifu, Gholdengo, Maushold-Four, Cresselia, Ursaluna"
16,,,2029,,,JPN,,Tomato,Tomato,,,トマト,waezzeisuhuyo3d,Link,https://twitter.com/Link,,,,,,,,,,,,,,,,,,,,,https://pokepast.es/b5fcfadc667fb3f5,Yes,,,https://twitter.com/waezzeisuhuyo3d/status/1686187195139604481?s=46&t=WmXEnVa3rTSw0P9A0n6S3Q,0T39MV,,,,,,,,,,,,,,,,,,,,,,,,,,,,,-,-,-,-,-,-,-,-,-,-,-,-,-,Tera,Item,-,Tera,Item,-,Tera,Item,-,Tera,Item,-,Tera,Item,-,Tera,Item,,,,,,,,,-,-,-,-,-,-,,
17,,,2028,,,JPN,,runa,runa,,,ルーナ,ru_na807,Link,https://twitter.com/Link,,,,,,,,,,,,,,,,,,,,,,,,,https://twitter.com/ru_na807/status/1686222575062659073?s=20,,,,Regidrago,,,,,,,,,,,,,,,,,,,,,,,,,,A Regidrago,-,-,-,-,-,-,-,-,-,-,A Regidrago,-,Tera,Item,-,Tera,Item,-,Tera,Item,-,Tera,Item,-,Tera,Item,Regidrago,,,,,,,,,,,-,-,-,-,-,Regidrago,,Regidrago
18,,,2029,,,JPN,,DiMeteora,DiMeteora,,,マクスウェル,DiMeteora,Link,https://twitter.com/Link,,,Focus Sash,,,Leftovers,,,Sitrus Berry,,,Choice Scarf,,,Mental Herb,,,Life Orb,,,https://pokepast.es/bc99bafaa9e815b5,Yes,,,https://twitter.com/dimeteora/status/1686257073653456896?s=46&t=WmXEnVa3rTSw0P9A0n6S3Q,P4LP10,,,Chi-Yu,Flutter Mane,Tornadus,Landorus-Therian,Heatran,Gastrodon,,Focus Sash,Life Orb,Mental Herb,Choice Scarf,Leftovers,Sitrus Berry,,Ghost,Fairy,Ghost,Flying,Grass,Fairy,Ghost,Fairy,Ghost,Flying,Grass,Fairy,1 Chi-Yu,9 Flutter Mane,6 Tornadus,6 Landorus-Therian,1 Heatran,2 Gastrodon,1 Chi-Yu,1 Heatran,2 Gastrodon,6 Landorus-Therian,6 Tornadus,9 Flutter Mane,Chi-Yu,Ghost,Focus Sash,Heatran,Grass,Leftovers,Gastrodon,Fairy,Sitrus Berry,Landorus-Therian,Flying,Choice Scarf,Tornadus,Ghost,Mental Herb,Flutter Mane,Fairy,Life Orb,,,,,,,,,Chi-Yu,Heatran,Gastrodon,Landorus-Therian,Tornadus,Flutter Mane,,"Chi-Yu, Flutter Mane, Tornadus, Landorus-Therian, Heatran, Gastrodon"
19,,,2028,,,JPN,,Sarapoke0914,Sarapoke0914,,,ラル,Sarapoke0914,Link,https://twitter.com/Link,,,,,,,,,,,,,,,,,,,,,,,,,https://twitter.com/Sarapoke0914/status/1686185345744777216?s=20,,,,Bruxish,Chien-Pao,Urshifu,Tornadus,Gholdengo,Ursaluna,,,,,,,,,Water,Dark,Fighting,Flying,Steel,Ground,Water,Dark,Fighting,Flying,Steel,Ground,1 Bruxish,4 Chien-Pao,4 Urshifu,5 Tornadus,7 Gholdengo,4 Ursaluna,1 Bruxish,4 Chien-Pao,4 Ursaluna,4 Urshifu,5 Tornadus,7 Gholdengo,Bruxish,Water,,Chien-Pao,Dark,,Ursaluna,Ground,,Urshifu,Fighting,,Tornadus,Flying,,Gholdengo,Steel,,,,,,,,,,Bruxish,Chien-Pao,Ursaluna,Urshifu,Tornadus,Gholdengo,,"Bruxish, Chien-Pao, Urshifu, Tornadus, Gholdengo, Ursaluna"
20,,,2028,,,TWN,,runa,runa,,,理世紗路,ru_na807,Link,https://twitter.com/Link,,,,,,,,,,,,,,,,,,,,,,,,,https://twitter.com/ru_na807/status/1686222575062659073?s=20,,,,Regidrago,,,,,,,,,,,,,,,,,,,,,,,,,,A Regidrago,-,-,-,-,-,-,-,-,-,-,A Regidrago,-,Tera,Item,-,Tera,Item,-,Tera,Item,-,Tera,Item,-,Tera,Item,Regidrago,,,,,,,,,,,-,-,-,-,-,Regidrago,,Regidrago
21,,,2027,,,JPN,,mariruri,mariruri,,,マリルリ,mariruripokemo2,Link,https://twitter.com/Link,,,Mystic Water,,,Rocky Helmet,,,Focus Sash,,,Assault Vest,,,Covert Cloak,,,Booster Energy,,,https://pokepast.es/60e2f4539ae2ff87,Yes,,,https://twitter.com/mariruripokemo2/status/1686217564391915520,V8DQ16,,,Chien-Pao,Flutter Mane,Iron Hands,Urshifu-Rapid-Strike,Tornadus,Amoonguss,,Focus Sash,Booster Energy,Assault Vest,Mystic Water,Covert Cloak,Rocky Helmet,,Ghost,Fairy,Grass,Water,Ghost,Water,Ghost,Fairy,Grass,Water,Ghost,Water,5 Chien-Pao,9 Flutter Mane,5 Iron Hands,2 Urshifu-Rapid-Strike,6 Tornadus,3 Amoonguss,2 Urshifu-Rapid-Strike,3 Amoonguss,5 Chien-Pao,5 Iron Hands,6 Tornadus,9 Flutter Mane,Urshifu-Rapid-Strike,Water,Mystic Water,Amoonguss,Water,Rocky Helmet,Chien-Pao,Ghost,Focus Sash,Iron Hands,Grass,Assault Vest,Tornadus,Ghost,Covert Cloak,Flutter Mane,Fairy,Booster Energy,,,,,,,,,Urshifu-Rapid-Strike,Amoonguss,Chien-Pao,Iron Hands,Tornadus,Flutter Mane,,"Chien-Pao, Flutter Mane, Iron Hands, Urshifu-Rapid-Strike, Tornadus, Amoonguss"
22,,,2026,,,ENG,,Jenkins,Jenkins,,,Jenkins,jenkins_vgc,Link,https://twitter.com/Link,,,Leftovers,,,Choice Specs,,,Focus Sash,,,Safety Goggles,,,Black Glasses,,,Booster Energy,,,https://pokepast.es/84192753e48de5b8,Yes,https://pbs.twimg.com/media/F2ad1jXW4AIYnL5?format=jpg&name=large,,https://twitter.com/jenkins_vgc/status/1686208657082519552?s=46&t=WmXEnVa3rTSw0P9A0n6S3Q,MGTFP7,,,Tatsugiri,Dondozo,Kleavor,Flutter Mane,Kingambit,Landorus-Therian,,Choice Specs,Leftovers,Focus Sash,Booster Energy,Black Glasses,Safety Goggles,,Steel,Grass,Ghost,Steel,Dark,Flying,Steel,Grass,Ghost,Steel,Dark,Flying,2 Tatsugiri,2 Dondozo,5 Kleavor,9 Flutter Mane,8 Kingambit,6 Landorus-Therian,2 Dondozo,2 Tatsugiri,5 Kleavor,6 Landorus-Therian,8 Kingambit,9 Flutter Mane,Dondozo,Grass,Leftovers,Tatsugiri,Steel,Choice Specs,Kleavor,Ghost,Focus Sash,Landorus-Therian,Flying,Safety Goggles,Kingambit,Dark,Black Glasses,Flutter Mane,Steel,Booster Energy,,,,,,,,,Dondozo,Tatsugiri,Kleavor,Landorus-Therian,Kingambit,Flutter Mane,,"Tatsugiri, Dondozo, Kleavor, Flutter Mane, Kingambit, Landorus-Therian"
23,,,2026,,,TWN,,DiMeteora,DiMeteora,,,麻婆豆腐定食,DiMeteora,Link,https://twitter.com/Link,,,Focus Sash,,,Leftovers,,,Sitrus Berry,,,Choice Scarf,,,Mental Herb,,,Life Orb,,,https://pokepast.es/bc99bafaa9e815b5,Yes,,,https://twitter.com/DiMeteora/status/1686256126382546944,P4LP10,,,Chi-Yu,Flutter Mane,Tornadus,Landorus-Therian,Heatran,Gastrodon,,Focus Sash,Life Orb,Mental Herb,Choice Scarf,Leftovers,Sitrus Berry,,Ghost,Fairy,Ghost,Flying,Grass,Fairy,Ghost,Fairy,Ghost,Flying,Grass,Fairy,1 Chi-Yu,9 Flutter Mane,6 Tornadus,6 Landorus-Therian,1 Heatran,2 Gastrodon,1 Chi-Yu,1 Heatran,2 Gastrodon,6 Landorus-Therian,6 Tornadus,9 Flutter Mane,Chi-Yu,Ghost,Focus Sash,Heatran,Grass,Leftovers,Gastrodon,Fairy,Sitrus Berry,Landorus-Therian,Flying,Choice Scarf,Tornadus,Ghost,Mental Herb,Flutter Mane,Fairy,Life Orb,,,,,,,,,Chi-Yu,Heatran,Gastrodon,Landorus-Therian,Tornadus,Flutter Mane,,"Chi-Yu, Flutter Mane, Tornadus, Landorus-Therian, Heatran, Gastrodon"
24,,,2025,,,JPN,,なぎさ,_rintya,,,なぎさ,_rintya,Link,https://twitter.com/Link,,,,,,,,,,,,,,,,,,,,,,,,,https://twitter.com/_rintya/status/1686220461485772800,,,,Urshifu,Flutter Mane,Iron Hands,Chien-Pao,Zapdos,Toxicroak,,,,,,,,,Fighting,Ghost,Fighting,Dark,Electric,Poison,Fighting,Ghost,Fighting,Dark,Electric,Poison,4 Urshifu,8 Flutter Mane,4 Iron Hands,4 Chien-Pao,3 Zapdos,4 Toxicroak,3 Zapdos,4 Chien-Pao,4 Iron Hands,4 Toxicroak,4 Urshifu,8 Flutter Mane,Zapdos,Electric,,Chien-Pao,Dark,,Iron Hands,Fighting,,Toxicroak,Poison,,Urshifu,Fighting,,Flutter Mane,Ghost,,,,,,,,,,Zapdos,Chien-Pao,Iron Hands,Toxicroak,Urshifu,Flutter Mane,,"Urshifu, Flutter Mane, Iron Hands, Chien-Pao, Zapdos, Toxicroak"
25,,,2023,,,JPN,,Junya,Junya,,,じゅにゃ,jun_poke918,Link,https://twitter.com/Link,,,Choice Scarf,,,Rocky Helmet,,,Focus Sash,,,Sitrus Berry,,,Leftovers,,,Choice Band,,,https://pokepast.es/5a1d070811d9f688,No,,,https://twitter.com/jun_poke918/status/1686198774216138752?s=46&t=WmXEnVa3rTSw0P9A0n6S3Q,None,,,Dragonite,Chien-Pao,Tornadus,Urshifu-Rapid-Strike,Gholdengo,Amoonguss,,Choice Band,Focus Sash,Sitrus Berry,Choice Scarf,Leftovers,Rocky Helmet,,Normal,Ghost,Ghost,Water,Water,Water,Normal,Ghost,Ghost,Water,Water,Water,A Dragonite,5 Chien-Pao,6 Tornadus,2 Urshifu-Rapid-Strike,8 Gholdengo,3 Amoonguss,2 Urshifu-Rapid-Strike,3 Amoonguss,5 Chien-Pao,6 Tornadus,8 Gholdengo,A Dragonite,Urshifu-Rapid-Strike,Water,Choice Scarf,Amoonguss,Water,Rocky Helmet,Chien-Pao,Ghost,Focus Sash,Tornadus,Ghost,Sitrus Berry,Gholdengo,Water,Leftovers,Dragonite,Normal,Choice Band,,,,,,,,,Urshifu-Rapid-Strike,Amoonguss,Chien-Pao,Tornadus,Gholdengo,Dragonite,,"Dragonite, Chien-Pao, Tornadus, Urshifu-Rapid-Strike, Gholdengo, Amoonguss"
26,,,2023,,,JPN,,Apple, ,,,Apple, ,Link,https://twitter.com/Link,,,,,,,,,,,,,,,,,,,,,,,,,,,,,,,,,,,,,,,,,,,,,,,,,,,,,,,-,-,-,-,-,-,-,-,-,-,-,-,-,Tera,Item,-,Tera,Item,-,Tera,Item,-,Tera,Item,-,Tera,Item,-,Tera,Item,,,,,,,,,-,-,-,-,-,-,,
27,,,2021,,,JPN,,ななみ,feb_po,,,ななみ,feb_po,Link,https://twitter.com/Link,,,,,,,,,,,,,,,,,,,,,,,,,https://twitter.com/feb_po/status/1686275420956786688?s=20,,,,,,,,,,,,,,,,,,,,,,,,,,,,,,-,-,-,-,-,-,-,-,-,-,-,-,-,Tera,Item,-,Tera,Item,-,Tera,Item,-,Tera,Item,-,Tera,Item,-,Tera,Item,,,,,,,,,-,-,-,-,-,-,,
28,,,2019,,,JPN,,Tomato,Tomato,,,とまと,waezzeisuhuyo3d,Link,https://twitter.com/Link,,,Chople Berry,,,Assault Vest,,,Focus Sash,,,Life Orb,,,Rocky Helmet,,,Choice Specs,,,https://pokepast.es/b5fcfadc667fb3f5,Yes,,,https://twitter.com/waezzeisuhuyo3d/status/1686187195139604481?s=46&t=WmXEnVa3rTSw0P9A0n6S3Q,0T39MV,,,Heatran,Rillaboom,Tornadus,Flutter Mane,Chien-Pao,Urshifu,,Chople Berry,Assault Vest,Rocky Helmet,Choice Specs,Focus Sash,Life Orb,,Grass,Rock,Ghost,Water,Ghost,Poison,Grass,Rock,Ghost,Water,Ghost,Poison,1 Heatran,3 Rillaboom,6 Tornadus,9 Flutter Mane,5 Chien-Pao,5 Urshifu,1 Heatran,3 Rillaboom,5 Chien-Pao,5 Urshifu,6 Tornadus,9 Flutter Mane,Heatran,Grass,Chople Berry,Rillaboom,Rock,Assault Vest,Chien-Pao,Ghost,Focus Sash,Urshifu,Poison,Life Orb,Tornadus,Ghost,Rocky Helmet,Flutter Mane,Water,Choice Specs,,,,,,,,,Heatran,Rillaboom,Chien-Pao,Urshifu,Tornadus,Flutter Mane,,"Heatran, Rillaboom, Tornadus, Flutter Mane, Chien-Pao, Urshifu"
29,,,2018,,,CHN,,崔崔弟, ,,,崔崔弟, ,Link,https://twitter.com/Link,,,,,,,,,,,,,,,,,,,,,,,,,,,,,,,,,,,,,,,,,,,,,,,,,,,,,,,-,-,-,-,-,-,-,-,-,-,-,-,-,Tera,Item,-,Tera,Item,-,Tera,Item,-,Tera,Item,-,Tera,Item,-,Tera,Item,,,,,,,,,-,-,-,-,-,-,,
30,,,2016,,,JPN,,おせり, ,,,おせり, ,Link,https://twitter.com/Link,,,,,,,,,,,,,,,,,,,,,,,,,,,,,,,,,,,,,,,,,,,,,,,,,,,,,,,-,-,-,-,-,-,-,-,-,-,-,-,-,Tera,Item,-,Tera,Item,-,Tera,Item,-,Tera,Item,-,Tera,Item,-,Tera,Item,,,,,,,,,-,-,-,-,-,-,,
31,,,2014,,,JPN,,ムトウ, ,,,ムトウ, ,Link,https://twitter.com/Link,,,,,,,,,,,,,,,,,,,,,,,,,,,,,,,,,,,,,,,,,,,,,,,,,,,,,,,-,-,-,-,-,-,-,-,-,-,-,-,-,Tera,Item,-,Tera,Item,-,Tera,Item,-,Tera,Item,-,Tera,Item,-,Tera,Item,,,,,,,,,-,-,-,-,-,-,,
32,,,2013,,,JPN,,ダサぼう, ,,,ダサぼう, ,Link,https://twitter.com/Link,,,,,,,,,,,,,,,,,,,,,,,,,,,,,,,,,,,,,,,,,,,,,,,,,,,,,,,-,-,-,-,-,-,-,-,-,-,-,-,-,Tera,Item,-,Tera,Item,-,Tera,Item,-,Tera,Item,-,Tera,Item,-,Tera,Item,,,,,,,,,-,-,-,-,-,-,,
33,,,2013,,,USA,,Gio,Giovanni Costa,,,Gio™,the_one_gio,Link,https://twitter.com/Link,,,,,,,,,,,,,,,,,,,,,,,,,,,,,,,,,,,,,,,,,,,,,,,,,,,,,,,-,-,-,-,-,-,-,-,-,-,-,-,-,Tera,Item,-,Tera,Item,-,Tera,Item,-,Tera,Item,-,Tera,Item,-,Tera,Item,,,,,,,,,-,-,-,-,-,-,,
34,,,2011,,,JPN,,koyadofudx,koyadofudx,,,こうやどうふ,koyadofuDX,Link,https://twitter.com/Link,,,,,,,,,,,,,,,,,,,,,,,,,https://twitter.com/koyadofuDX/status/1686210770919727104?s=20,,,,Cresselia,Ursaluna,Heatran,Gyarados,Urshifu,Amoonguss,,,,,,,,,Psychic,Ground,Fire,Water,Fighting,Grass,Psychic,Ground,Fire,Water,Fighting,Grass,6 Cresselia,4 Ursaluna,0 Heatran,1 Gyarados,4 Urshifu,2 Amoonguss,0 Heatran,1 Gyarados,2 Amoonguss,4 Ursaluna,4 Urshifu,6 Cresselia,Heatran,Fire,,Gyarados,Water,,Amoonguss,Grass,,Ursaluna,Ground,,Urshifu,Fighting,,Cresselia,Psychic,,,,,,,,,,Heatran,Gyarados,Amoonguss,Ursaluna,Urshifu,Cresselia,,"Cresselia, Ursaluna, Heatran, Gyarados, Urshifu, Amoonguss"
35,,,2011,,,JPN,,TN57583085,TN57583085,,,ネイティオ？,tn57583085,Link,https://twitter.com/Link,,,Focus Sash,,,Assault Vest,,,Covert Cloak,,,Choice Scarf,,,Choice Specs,,,Choice Band,,,https://pokepast.es/eba696d6fc294777,Yes,,,https://twitter.com/tn57583085/status/1686285044992917504?s=46&t=WmXEnVa3rTSw0P9A0n6S3Q,VWP75K,,,Iron Hands,Flutter Mane,Gholdengo,Urshifu-Rapid-Strike,Tornadus,Dragonite,,Assault Vest,Choice Specs,Choice Scarf,Focus Sash,Covert Cloak,Choice Band,,Water,Water,Steel,Water,Flying,Normal,Water,Water,Steel,Water,Flying,Normal,5 Iron Hands,9 Flutter Mane,8 Gholdengo,2 Urshifu-Rapid-Strike,6 Tornadus,A Dragonite,2 Urshifu-Rapid-Strike,5 Iron Hands,6 Tornadus,8 Gholdengo,9 Flutter Mane,A Dragonite,Urshifu-Rapid-Strike,Water,Focus Sash,Iron Hands,Water,Assault Vest,Tornadus,Flying,Covert Cloak,Gholdengo,Steel,Choice Scarf,Flutter Mane,Water,Choice Specs,Dragonite,Normal,Choice Band,,,,,,,,,Urshifu-Rapid-Strike,Iron Hands,Tornadus,Gholdengo,Flutter Mane,Dragonite,,"Iron Hands, Flutter Mane, Gholdengo, Urshifu-Rapid-Strike, Tornadus, Dragonite"
36,,,2009,,,JPN,,りょうたろう, ,,,りょうたろう, ,Link,https://twitter.com/Link,,,,,,,,,,,,,,,,,,,,,,,,,,,,,,,,,,,,,,,,,,,,,,,,,,,,,,,-,-,-,-,-,-,-,-,-,-,-,-,-,Tera,Item,-,Tera,Item,-,Tera,Item,-,Tera,Item,-,Tera,Item,-,Tera,Item,,,,,,,,,-,-,-,-,-,-,,
37,,,2008,,,JPN,,クラウンsr, ,,,クラウンsr, ,Link,https://twitter.com/Link,,,,,,,,,,,,,,,,,,,,,,,,,,,,,,,,,,,,,,,,,,,,,,,,,,,,,,,-,-,-,-,-,-,-,-,-,-,-,-,-,Tera,Item,-,Tera,Item,-,Tera,Item,-,Tera,Item,-,Tera,Item,-,Tera,Item,,,,,,,,,-,-,-,-,-,-,,
38,,,2008,,,JPN,,cantfly,Yuma Miyamoto,,,とり。,cantfly_ss,Link,https://twitter.com/Link,,,Splash Plate,,,Focus Sash,,,Assault Vest,,,Choice Scarf,,,Sitrus Berry,,,Choice Specs,,,https://pokepast.es/67af6bd4970895f4,No,,,https://twitter.com/cantfly_ss/status/1686191106739089408?s=46&t=WmXEnVa3rTSw0P9A0n6S3Q,,,,Farigiraf,Iron Hands,Flutter Mane,Chien-Pao,Urshifu-Rapid-Strike,Landorus-Therian,,Sitrus Berry,Assault Vest,Choice Specs,Focus Sash,Splash Plate,Choice Scarf,,Fairy,Grass,Fairy,Grass,Water,Flying,Fairy,Grass,Fairy,Grass,Water,Flying,7 Farigiraf,5 Iron Hands,9 Flutter Mane,5 Chien-Pao,2 Urshifu-Rapid-Strike,6 Landorus-Therian,2 Urshifu-Rapid-Strike,5 Chien-Pao,5 Iron Hands,6 Landorus-Therian,7 Farigiraf,9 Flutter Mane,Urshifu-Rapid-Strike,Water,Splash Plate,Chien-Pao,Grass,Focus Sash,Iron Hands,Grass,Assault Vest,Landorus-Therian,Flying,Choice Scarf,Farigiraf,Fairy,Sitrus Berry,Flutter Mane,Fairy,Choice Specs,,,,,,,,,Urshifu-Rapid-Strike,Chien-Pao,Iron Hands,Landorus-Therian,Farigiraf,Flutter Mane,,"Farigiraf, Iron Hands, Flutter Mane, Chien-Pao, Urshifu-Rapid-Strike, Landorus-Therian"
39,,,2008,,,JPN,,おんそに, ,,,おんそに, ,Link,https://twitter.com/Link,,,,,,,,,,,,,,,,,,,,,,,,,,,,,,,,,,,,,,,,,,,,,,,,,,,,,,,-,-,-,-,-,-,-,-,-,-,-,-,-,Tera,Item,-,Tera,Item,-,Tera,Item,-,Tera,Item,-,Tera,Item,-,Tera,Item,,,,,,,,,-,-,-,-,-,-,,
40,,,2007,,,JPN,,しぶ, ,,,しぶ, ,Link,https://twitter.com/Link,,,,,,,,,,,,,,,,,,,,,,,,,,,,,,,,,,,,,,,,,,,,,,,,,,,,,,,-,-,-,-,-,-,-,-,-,-,-,-,-,Tera,Item,-,Tera,Item,-,Tera,Item,-,Tera,Item,-,Tera,Item,-,Tera,Item,,,,,,,,,-,-,-,-,-,-,,
41,,,2007,,,JPN,,barudoru,Ryota Otsubo,,,ナミ,barudoru,Link,https://twitter.com/Link,,,,,,,,,,,,,,,,,,,,,,,,,https://twitter.com/barudoru/status/1686345348137332736?s=20,,,,,,,,,,,,,,,,,,,,,,,,,,,,,,-,-,-,-,-,-,-,-,-,-,-,-,-,Tera,Item,-,Tera,Item,-,Tera,Item,-,Tera,Item,-,Tera,Item,-,Tera,Item,,,,,,,,,-,-,-,-,-,-,,
42,,,2007,,,JPN,,tonton,Yusuke Shibano,,,スカーレット,oevu0apjadb4qde,Link,https://twitter.com/Link,,,Leftovers,,,Flame Orb,,,Focus Sash,,,Rocky Helmet,,,Safety Goggles,,,Booster Energy,,,https://pokepast.es/a5102116fa38f7c1,No,,,https://twitter.com/oevu0apjadb4qde/status/1686513440108777472?s=46&t=WmXEnVa3rTSw0P9A0n6S3Q,,,,Flutter Mane,Thundurus,Urshifu,Heatran,Cresselia,Ursaluna,,Booster Energy,Rocky Helmet,Focus Sash,Leftovers,Safety Goggles,Flame Orb,,Fairy,Electric,Dark,Grass,Fire,Ghost,Fairy,Electric,Dark,Grass,Fire,Ghost,9 Flutter Mane,6 Thundurus,5 Urshifu,1 Heatran,7 Cresselia,5 Ursaluna,1 Heatran,5 Ursaluna,5 Urshifu,6 Thundurus,7 Cresselia,9 Flutter Mane,Heatran,Grass,Leftovers,Ursaluna,Ghost,Flame Orb,Urshifu,Dark,Focus Sash,Thundurus,Electric,Rocky Helmet,Cresselia,Fire,Safety Goggles,Flutter Mane,Fairy,Booster Energy,,,,,,,,,Heatran,Ursaluna,Urshifu,Thundurus,Cresselia,Flutter Mane,,"Flutter Mane, Thundurus, Urshifu, Heatran, Cresselia, Ursaluna"
43,,,2007,,,JPN,,pokeShangrira,Kai Yazawa,,,ハナノユメ,pokeShangrira,Link,https://twitter.com/Link,,,,,,,,,,,,,,,,,,,,,,,,,https://twitter.com/pokeShangrira/status/1686202824101900288?s=20,,,,,,,,,,,,,,,,,,,,,,,,,,,,,,-,-,-,-,-,-,-,-,-,-,-,-,-,Tera,Item,-,Tera,Item,-,Tera,Item,-,Tera,Item,-,Tera,Item,-,Tera,Item,,,,,,,,,-,-,-,-,-,-,,
44,,,2007,,,ITA,,FedeCampoVGC,Federico Camporesi,,,FedeCampoVGC,FedeCampoVGC,Link,https://twitter.com/Link,,,,,,,,,,,,,,,,,,,,,,,,,https://twitter.com/FedeCampoVGC/status/1686311832837926944?s=20,,,,,,,,,,,,,,,,,,,,,,,,,,,,,,-,-,-,-,-,-,-,-,-,-,-,-,-,Tera,Item,-,Tera,Item,-,Tera,Item,-,Tera,Item,-,Tera,Item,-,Tera,Item,,,,,,,,,-,-,-,-,-,-,,
45,,,2007,,,JPN,,セイラキッズ, ,,,セイラキッズ, ,Link,https://twitter.com/Link,,,,,,,,,,,,,,,,,,,,,,,,,,,,,,,,,,,,,,,,,,,,,,,,,,,,,,,-,-,-,-,-,-,-,-,-,-,-,-,-,Tera,Item,-,Tera,Item,-,Tera,Item,-,Tera,Item,-,Tera,Item,-,Tera,Item,,,,,,,,,-,-,-,-,-,-,,
46,,,2006,,,JPN,,まおうパム, ,,,まおうパム, ,Link,https://twitter.com/Link,,,,,,,,,,,,,,,,,,,,,,,,,,,,,,,,,,,,,,,,,,,,,,,,,,,,,,,-,-,-,-,-,-,-,-,-,-,-,-,-,Tera,Item,-,Tera,Item,-,Tera,Item,-,Tera,Item,-,Tera,Item,-,Tera,Item,,,,,,,,,-,-,-,-,-,-,,
47,,,2006,,,JPN,,！ぶラん？, ,,,！ぶラん？, ,Link,https://twitter.com/Link,,,,,,,,,,,,,,,,,,,,,,,,,,,,,,,,,,,,,,,,,,,,,,,,,,,,,,,-,-,-,-,-,-,-,-,-,-,-,-,-,Tera,Item,-,Tera,Item,-,Tera,Item,-,Tera,Item,-,Tera,Item,-,Tera,Item,,,,,,,,,-,-,-,-,-,-,,
48,,,2005,,,SGP,,Calculus,Calculus,,,Calculus,CalcVGC,Link,https://twitter.com/Link,,,,,,,,,,,,,,,,,,,,,,,,,https://twitter.com/CalcVGC/status/1686360444028825600?s=20,,,,Dondozo,Tatsugiri,,,,,,,,,,,,,,,,,,,,,,,,,2 Dondozo,2 Tatsugiri,-,-,-,-,-,-,-,-,2 Dondozo,2 Tatsugiri,-,Tera,Item,-,Tera,Item,-,Tera,Item,-,Tera,Item,Dondozo,,,Tatsugiri,,,,,,,,,,,-,-,-,-,Dondozo,Tatsugiri,,"Dondozo, Tatsugiri"
49,,,2005,,,ENG,,Perish♪, ,,,Perish♪, ,Link,https://twitter.com/Link,,,,,,,,,,,,,,,,,,,,,,,,,,,,,,,,,,,,,,,,,,,,,,,,,,,,,,,-,-,-,-,-,-,-,-,-,-,-,-,-,Tera,Item,-,Tera,Item,-,Tera,Item,-,Tera,Item,-,Tera,Item,-,Tera,Item,,,,,,,,,-,-,-,-,-,-,,
50,,,2005,,,JPN,,れいび, ,,,れいび, ,Link,https://twitter.com/Link,,,,,,,,,,,,,,,,,,,,,,,,,,,,,,,,,,,,,,,,,,,,,,,,,,,,,,,-,-,-,-,-,-,-,-,-,-,-,-,-,Tera,Item,-,Tera,Item,-,Tera,Item,-,Tera,Item,-,Tera,Item,-,Tera,Item,,,,,,,,,-,-,-,-,-,-,,
51,,,2004,,,JPN,,Ruuto,Ruuto,,,ルート,tbhla7130,Link,https://twitter.com/Link,,,Leftovers,,,Covert Cloak,,,Choice Scarf,,,Booster Energy,,,Roseli Berry,,,Choice Specs,,,https://pokepast.es/0f90e3794e4d6512,Yes,https://cdn.discordapp.com/attachments/1115863629896626237/1134568849912635472/IMG_9850.jpg,,https://twitter.com/tbhla7130/status/1686232554196832256?s=46&t=WmXEnVa3rTSw0P9A0n6S3Q,PM0G1S,Peaked 5th on July 24th,,Grimmsnarl,Sylveon,Zapdos,Heatran,Landorus-Therian,Flutter Mane,,Roseli Berry,Choice Specs,Covert Cloak,Leftovers,Choice Scarf,Booster Energy,,Ghost,Water,Water,Grass,Ghost,Fairy,Ghost,Water,Water,Grass,Ghost,Fairy,9 Grimmsnarl,9 Sylveon,4 Zapdos,1 Heatran,6 Landorus-Therian,9 Flutter Mane,1 Heatran,4 Zapdos,6 Landorus-Therian,9 Flutter Mane,9 Grimmsnarl,9 Sylveon,Heatran,Grass,Leftovers,Zapdos,Water,Covert Cloak,Landorus-Therian,Ghost,Choice Scarf,Flutter Mane,Fairy,Booster Energy,Grimmsnarl,Ghost,Roseli Berry,Sylveon,Water,Choice Specs,,,,,,,,,Heatran,Zapdos,Landorus-Therian,Flutter Mane,Grimmsnarl,Sylveon,,"Grimmsnarl, Sylveon, Zapdos, Heatran, Landorus-Therian, Flutter Mane"
52,,,2004,,,JPN,,クロン, ,,,クロン, ,Link,https://twitter.com/Link,,,,,,,,,,,,,,,,,,,,,,,,,,,,,,,,,,,,,,,,,,,,,,,,,,,,,,,-,-,-,-,-,-,-,-,-,-,-,-,-,Tera,Item,-,Tera,Item,-,Tera,Item,-,Tera,Item,-,Tera,Item,-,Tera,Item,,,,,,,,,-,-,-,-,-,-,,
53,,,2004,,,JPN,,リラックマ, ,,,リラックマ, ,Link,https://twitter.com/Link,,,,,,,,,,,,,,,,,,,,,,,,,,,,,,,,,,,,,,,,,,,,,,,,,,,,,,,-,-,-,-,-,-,-,-,-,-,-,-,-,Tera,Item,-,Tera,Item,-,Tera,Item,-,Tera,Item,-,Tera,Item,-,Tera,Item,,,,,,,,,-,-,-,-,-,-,,
54,,,2003,,,JPN,,フィリー, ,,,フィリー, ,Link,https://twitter.com/Link,,,,,,,,,,,,,,,,,,,,,,,,,,,,,,,,,,,,,,,,,,,,,,,,,,,,,,,-,-,-,-,-,-,-,-,-,-,-,-,-,Tera,Item,-,Tera,Item,-,Tera,Item,-,Tera,Item,-,Tera,Item,-,Tera,Item,,,,,,,,,-,-,-,-,-,-,,
55,,,2001,,,SGP,,Calculus,Calculus,,,LilCalc,CalcVGC,Link,https://twitter.com/Link,,,,,,,,,,,,,,,,,,,,,,,,,https://twitter.com/CalcVGC/status/1686360444028825600?s=20,,,,Dondozo,Tatsugiri,,,,,,,,,,,,,,,,,,,,,,,,,2 Dondozo,2 Tatsugiri,-,-,-,-,-,-,-,-,2 Dondozo,2 Tatsugiri,-,Tera,Item,-,Tera,Item,-,Tera,Item,-,Tera,Item,Dondozo,,,Tatsugiri,,,,,,,,,,,-,-,-,-,Dondozo,Tatsugiri,,"Dondozo, Tatsugiri"
56,,,2001,,,JPN,,ADHDポケ, ,,,ADHDポケ, ,yurin_625,https://twitter.com/yurin_625,,,,,,,,,,,,,,,,,,,,,,,,,,,,,,,,,,,,,,,,,,,,,,,,,,,,,,,-,-,-,-,-,-,-,-,-,-,-,-,-,Tera,Item,-,Tera,Item,-,Tera,Item,-,Tera,Item,-,Tera,Item,-,Tera,Item,,,,,,,,,-,-,-,-,-,-,,
57,,,2001,,,JPN,,てらてら, ,,,てらてら, ,Link,https://twitter.com/Link,,,,,,,,,,,,,,,,,,,,,,,,,,,,,,,,,,,,,,,,,,,,,,,,,,,,,,,-,-,-,-,-,-,-,-,-,-,-,-,-,Tera,Item,-,Tera,Item,-,Tera,Item,-,Tera,Item,-,Tera,Item,-,Tera,Item,,,,,,,,,-,-,-,-,-,-,,
58,,,2000,,,JPN,,こーたろー, ,,,こーたろー, ,Link,https://twitter.com/Link,,,,,,,,,,,,,,,,,,,,,,,,,,,,,,,,,,,,,,,,,,,,,,,,,,,,,,,-,-,-,-,-,-,-,-,-,-,-,-,-,Tera,Item,-,Tera,Item,-,Tera,Item,-,Tera,Item,-,Tera,Item,-,Tera,Item,,,,,,,,,-,-,-,-,-,-,,
59,,,2000,,,JPN,,Candy, ,,,Candy, ,Link,https://twitter.com/Link,,,,,,,,,,,,,,,,,,,,,,,,,,,,,,,,,,,,,,,,,,,,,,,,,,,,,,,-,-,-,-,-,-,-,-,-,-,-,-,-,Tera,Item,-,Tera,Item,-,Tera,Item,-,Tera,Item,-,Tera,Item,-,Tera,Item,,,,,,,,,-,-,-,-,-,-,,
60,,,2000,,,JPN,,バイオレット, ,,,バイオレット, ,Link,https://twitter.com/Link,,,,,,,,,,,,,,,,,,,,,,,,,,,,,,,,,,,,,,,,,,,,,,,,,,,,,,,-,-,-,-,-,-,-,-,-,-,-,-,-,Tera,Item,-,Tera,Item,-,Tera,Item,-,Tera,Item,-,Tera,Item,-,Tera,Item,,,,,,,,,-,-,-,-,-,-,,
61,,,1996,,,JPN,,バイオレット, ,,,バイオレット, ,Link,https://twitter.com/Link,,,,,,,,,,,,,,,,,,,,,,,,,,,,,,,,,,,,,,,,,,,,,,,,,,,,,,,-,-,-,-,-,-,-,-,-,-,-,-,-,Tera,Item,-,Tera,Item,-,Tera,Item,-,Tera,Item,-,Tera,Item,-,Tera,Item,,,,,,,,,-,-,-,-,-,-,,
62,,,1993,,,ENG,,Not Gio, ,,,Not Gio, ,Link,https://twitter.com/Link,,,,,,,,,,,,,,,,,,,,,,,,,,,,,,,,,,,,,,,,,,,,,,,,,,,,,,,-,-,-,-,-,-,-,-,-,-,-,-,-,Tera,Item,-,Tera,Item,-,Tera,Item,-,Tera,Item,-,Tera,Item,-,Tera,Item,,,,,,,,,-,-,-,-,-,-,,
63,,,1991,,,ENG,,Jeremy, ,,,Jeremy, ,Link,https://twitter.com/Link,,,,,,,,,,,,,,,,,,,,,,,,,,,,,,,,,,,,,,,,,,,,,,,,,,,,,,,-,-,-,-,-,-,-,-,-,-,-,-,-,Tera,Item,-,Tera,Item,-,Tera,Item,-,Tera,Item,-,Tera,Item,-,Tera,Item,,,,,,,,,-,-,-,-,-,-,,
64,,,1988,,,JPN,,てぺこ, ,,,てぺこ, ,Link,https://twitter.com/Link,,,,,,,,,,,,,,,,,,,,,,,,,,,,,,,,,,,,,,,,,,,,,,,,,,,,,,,-,-,-,-,-,-,-,-,-,-,-,-,-,Tera,Item,-,Tera,Item,-,Tera,Item,-,Tera,Item,-,Tera,Item,-,Tera,Item,,,,,,,,,-,-,-,-,-,-,,
65,,,1984,,,JPN,,ティナ, ,,,ティナ, ,Link,https://twitter.com/Link,,,,,,,,,,,,,,,,,,,,,,,,,,,,,,,,,,,,,,,,,,,,,,,,,,,,,,,-,-,-,-,-,-,-,-,-,-,-,-,-,Tera,Item,-,Tera,Item,-,Tera,Item,-,Tera,Item,-,Tera,Item,-,Tera,Item,,,,,,,,,-,-,-,-,-,-,,
66,,,1982,,,CHN,,阿米, ,,,阿米, ,Link,https://twitter.com/Link,,,,,,,,,,,,,,,,,,,,,,,,,,,,,,,,,,,,,,,,,,,,,,,,,,,,,,,-,-,-,-,-,-,-,-,-,-,-,-,-,Tera,Item,-,Tera,Item,-,Tera,Item,-,Tera,Item,-,Tera,Item,-,Tera,Item,,,,,,,,,-,-,-,-,-,-,,
67,,,1980,,,JPN,,かなちんた, ,,,かなちんた, ,Link,https://twitter.com/Link,,,,,,,,,,,,,,,,,,,,,,,,,,,,,,,,,,,,,,,,,,,,,,,,,,,,,,,-,-,-,-,-,-,-,-,-,-,-,-,-,Tera,Item,-,Tera,Item,-,Tera,Item,-,Tera,Item,-,Tera,Item,-,Tera,Item,,,,,,,,,-,-,-,-,-,-,,
68,,,1980,,,JPN,,kuromi,kuromi,,,くろこのみ,kuromi_564731,Link,https://twitter.com/Link,,,Sitrus Berry,,,Focus Sash,,,Aguav Berry,,,Rocky Helmet,,,Choice Band,,,Assault Vest,,,https://pokepast.es/1ab966fffa6e00a2,Yes,,,https://twitter.com/kuromi_564731/status/1686194127460057088?s=20,YTN6MS,,,Rillaboom,Zapdos,Arcanine-Hisui,Iron Hands,Urshifu-Rapid-Strike,Chien-Pao,,Aguav Berry,Rocky Helmet,Sitrus Berry,Assault Vest,Focus Sash,Choice Band,,Water,Fire,Fairy,Water,Water,Dark,Water,Fire,Fairy,Water,Water,Dark,3 Rillaboom,4 Zapdos,1 Arcanine-Hisui,5 Iron Hands,2 Urshifu-Rapid-Strike,5 Chien-Pao,1 Arcanine-Hisui,2 Urshifu-Rapid-Strike,3 Rillaboom,4 Zapdos,5 Chien-Pao,5 Iron Hands,Arcanine-Hisui,Fairy,Sitrus Berry,Urshifu-Rapid-Strike,Water,Focus Sash,Rillaboom,Water,Aguav Berry,Zapdos,Fire,Rocky Helmet,Chien-Pao,Dark,Choice Band,Iron Hands,Water,Assault Vest,,,,,,,,,Arcanine-Hisui,Urshifu-Rapid-Strike,Rillaboom,Zapdos,Chien-Pao,Iron Hands,,"Rillaboom, Zapdos, Arcanine-Hisui, Iron Hands, Urshifu-Rapid-Strike, Chien-Pao"
69,,,1979,,,JPN,,たおかもいち, ,,,たおかもいち, ,Link,https://twitter.com/Link,,,,,,,,,,,,,,,,,,,,,,,,,,,,,,,,,,,,,,,,,,,,,,,,,,,,,,,-,-,-,-,-,-,-,-,-,-,-,-,-,Tera,Item,-,Tera,Item,-,Tera,Item,-,Tera,Item,-,Tera,Item,-,Tera,Item,,,,,,,,,-,-,-,-,-,-,,
70,,,1979,,,JPN,,バイオレット, ,,,バイオレット, ,Link,https://twitter.com/Link,,,,,,,,,,,,,,,,,,,,,,,,,,,,,,,,,,,,,,,,,,,,,,,,,,,,,,,-,-,-,-,-,-,-,-,-,-,-,-,-,Tera,Item,-,Tera,Item,-,Tera,Item,-,Tera,Item,-,Tera,Item,-,Tera,Item,,,,,,,,,-,-,-,-,-,-,,
71,,,1978,,,JPN,,ziguziguzaku,ziguziguzaku,,,サラ,ziguziguzaku,Link,https://twitter.com/Link,,,,,,,,,,,,,,,,,,,,,,,,,https://twitter.com/ziguziguzaku/status/1686229547153551360?s=20,,,,,,,,,,,,,,,,,,,,,,,,,,,,,,-,-,-,-,-,-,-,-,-,-,-,-,-,Tera,Item,-,Tera,Item,-,Tera,Item,-,Tera,Item,-,Tera,Item,-,Tera,Item,,,,,,,,,-,-,-,-,-,-,,
72,,,1978,,,JPN,,FuiYnb,FuiYnb,,,じーまーこう,fuiynb,Link,https://twitter.com/Link,,,Choice Specs,,,Life Orb,,,Aguav Berry,,,Psychic Seed,,,Rocky Helmet,,,Sitrus Berry,,,https://pokepast.es/fb4b8d253130dd76,Yes,,,https://twitter.com/fuiynb/status/1686194847118688257?s=46&t=WmXEnVa3rTSw0P9A0n6S3Q,2WBHML,,,Tornadus,Chi-Yu,Amoonguss,Indeedee-F,Sneasler,Basculegion,,Sitrus Berry,Choice Specs,Aguav Berry,Rocky Helmet,Psychic Seed,Life Orb,,Ghost,Fire,Water,Fairy,Rock,Water,Ghost,Fire,Water,Fairy,Rock,Water,6 Tornadus,1 Chi-Yu,3 Amoonguss,6 Indeedee-F,5 Sneasler,2 Basculegion,1 Chi-Yu,2 Basculegion,3 Amoonguss,5 Sneasler,6 Indeedee-F,6 Tornadus,Chi-Yu,Fire,Choice Specs,Basculegion,Water,Life Orb,Amoonguss,Water,Aguav Berry,Sneasler,Rock,Psychic Seed,Indeedee-F,Fairy,Rocky Helmet,Tornadus,Ghost,Sitrus Berry,,,,,,,,,Chi-Yu,Basculegion,Amoonguss,Sneasler,Indeedee-F,Tornadus,,"Tornadus, Chi-Yu, Amoonguss, Indeedee-F (Indeedee-Female), Sneasler, Basculegion"
73,,,1976,,,USA,,Peter,Peter Chen,,,PTP,MrPTPablo,Link,https://twitter.com/Link,,,Charcoal,,,Choice Scarf,,,Flame Orb,,,Focus Sash,,,Aguav Berry,,,Safety Goggles,,,https://pokepast.es/a324d473c903f2f0,Yes,,,https://twitter.com/MrPTPablo/status/1686175183231422465?s=20,KDPK0P,,,Staraptor,Urshifu,Farigiraf,Ursaluna,Scream Tail,Torkoal,,Choice Scarf,Focus Sash,Aguav Berry,Flame Orb,Safety Goggles,Charcoal,,Flying,Dark,Fairy,Ghost,Water,Fire,Flying,Dark,Fairy,Ghost,Water,Fire,5 Staraptor,5 Urshifu,7 Farigiraf,5 Ursaluna,9 Scream Tail,1 Torkoal,1 Torkoal,5 Staraptor,5 Ursaluna,5 Urshifu,7 Farigiraf,9 Scream Tail,Torkoal,Fire,Charcoal,Staraptor,Flying,Choice Scarf,Ursaluna,Ghost,Flame Orb,Urshifu,Dark,Focus Sash,Farigiraf,Fairy,Aguav Berry,Scream Tail,Water,Safety Goggles,,,,,,,,,Torkoal,Staraptor,Ursaluna,Urshifu,Farigiraf,Scream Tail,,"Staraptor, Urshifu, Farigiraf, Ursaluna, Scream Tail, Torkoal"
74,,,1975,,,JPN,,the_magentou,the_magentou,,,Shu,the_magentou,Link,https://twitter.com/Link,,,Focus Sash,,,Assault Vest,,,Lum Berry,,,Choice Band,,,Choice Scarf,,,Choice Specs,,,https://pokepast.es/403812842b36b4b7,Yes,,,https://twitter.com/the_magentou/status/1686190833274662912?s=46&t=WmXEnVa3rTSw0P9A0n6S3Q,JWWMFB,,,Flutter Mane,Chi-Yu,Cresselia,Ursaluna,Dondozo,Tatsugiri-Stretchy,,Choice Specs,Focus Sash,Choice Scarf,Choice Band,Assault Vest,Lum Berry,,Fairy,Ghost,Fairy,Water,Grass,Steel,Fairy,Ghost,Fairy,Water,Grass,Steel,9 Flutter Mane,1 Chi-Yu,7 Cresselia,5 Ursaluna,2 Dondozo,2 Tatsugiri-Stretchy,1 Chi-Yu,2 Dondozo,2 Tatsugiri-Stretchy,5 Ursaluna,7 Cresselia,9 Flutter Mane,Chi-Yu,Ghost,Focus Sash,Dondozo,Grass,Assault Vest,Tatsugiri-Stretchy,Steel,Lum Berry,Ursaluna,Water,Choice Band,Cresselia,Fairy,Choice Scarf,Flutter Mane,Fairy,Choice Specs,,,,,,,,,Chi-Yu,Dondozo,Tatsugiri-Stretchy,Ursaluna,Cresselia,Flutter Mane,,"Flutter Mane, Chi-Yu, Cresselia, Ursaluna, Dondozo, Tatsugiri-Stretchy"
75,,,1975,,,JPN,,バイオレット, ,,,バイオレット, ,Link,https://twitter.com/Link,,,,,,,,,,,,,,,,,,,,,,,,,,,,,,,,,,,,,,,,,,,,,,,,,,,,,,,-,-,-,-,-,-,-,-,-,-,-,-,-,Tera,Item,-,Tera,Item,-,Tera,Item,-,Tera,Item,-,Tera,Item,-,Tera,Item,,,,,,,,,-,-,-,-,-,-,,
76,,,1974,,,JPN,,ロド, ,,,ロド, ,Link,https://twitter.com/Link,,,,,,,,,,,,,,,,,,,,,,,,,,,,,,,,,,,,,,,,,,,,,,,,,,,,,,,-,-,-,-,-,-,-,-,-,-,-,-,-,Tera,Item,-,Tera,Item,-,Tera,Item,-,Tera,Item,-,Tera,Item,-,Tera,Item,,,,,,,,,-,-,-,-,-,-,,
77,,,1974,,,JPN,,mole, ,,,mole, ,Link,https://twitter.com/Link,,,,,,,,,,,,,,,,,,,,,,,,,,,,,,,,,,,,,,,,,,,,,,,,,,,,,,,-,-,-,-,-,-,-,-,-,-,-,-,-,Tera,Item,-,Tera,Item,-,Tera,Item,-,Tera,Item,-,Tera,Item,-,Tera,Item,,,,,,,,,-,-,-,-,-,-,,
78,,,1973,,,CHN,,大尾立立立, ,,,大尾立立立, ,Link,https://twitter.com/Link,,,,,,,,,,,,,,,,,,,,,,,,,,,,,,,,,,,,,,,,,,,,,,,,,,,,,,,-,-,-,-,-,-,-,-,-,-,-,-,-,Tera,Item,-,Tera,Item,-,Tera,Item,-,Tera,Item,-,Tera,Item,-,Tera,Item,,,,,,,,,-,-,-,-,-,-,,
79,,,1973,,,ESP,,Motote, ,,,Motote, ,Link,https://twitter.com/Link,,,,,,,,,,,,,,,,,,,,,,,,,,,,,,,,,,,,,,,,,,,,,,,,,,,,,,,-,-,-,-,-,-,-,-,-,-,-,-,-,Tera,Item,-,Tera,Item,-,Tera,Item,-,Tera,Item,-,Tera,Item,-,Tera,Item,,,,,,,,,-,-,-,-,-,-,,
80,,,1973,,,JPN,,ミササギ, ,,,ミササギ, ,Link,https://twitter.com/Link,,,,,,,,,,,,,,,,,,,,,,,,,,,,,,,,,,,,,,,,,,,,,,,,,,,,,,,-,-,-,-,-,-,-,-,-,-,-,-,-,Tera,Item,-,Tera,Item,-,Tera,Item,-,Tera,Item,-,Tera,Item,-,Tera,Item,,,,,,,,,-,-,-,-,-,-,,
81,,,1972,,,JPN,,あたりめ, ,,,あたりめ, ,Link,https://twitter.com/Link,,,,,,,,,,,,,,,,,,,,,,,,,,,,,,,,,,,,,,,,,,,,,,,,,,,,,,,-,-,-,-,-,-,-,-,-,-,-,-,-,Tera,Item,-,Tera,Item,-,Tera,Item,-,Tera,Item,-,Tera,Item,-,Tera,Item,,,,,,,,,-,-,-,-,-,-,,
82,,,1972,,,ENG,f,Lauren, ,,,Lauren, ,Link,https://twitter.com/Link,,,,,,,,,,,,,,,,,,,,,,,,,,,,,,,,,,,,,,,,,,,,,,,,,,,,,,,-,-,-,-,-,-,-,-,-,-,-,-,-,Tera,Item,-,Tera,Item,-,Tera,Item,-,Tera,Item,-,Tera,Item,-,Tera,Item,,,,,,,,,-,-,-,-,-,-,,
83,,,1971,,,ENG,f,NoProblem, ,,,NoProblem, ,Link,https://twitter.com/Link,,,,,,,,,,,,,,,,,,,,,,,,,,,,,,,,,,,,,,,,,,,,,,,,,,,,,,,-,-,-,-,-,-,-,-,-,-,-,-,-,Tera,Item,-,Tera,Item,-,Tera,Item,-,Tera,Item,-,Tera,Item,-,Tera,Item,,,,,,,,,-,-,-,-,-,-,,
84,,,1971,,,CHN,,喵喵, ,,,喵喵, ,Link,https://twitter.com/Link,,,,,,,,,,,,,,,,,,,,,,,,,,,,,,,,,,,,,,,,,,,,,,,,,,,,,,,-,-,-,-,-,-,-,-,-,-,-,-,-,Tera,Item,-,Tera,Item,-,Tera,Item,-,Tera,Item,-,Tera,Item,-,Tera,Item,,,,,,,,,-,-,-,-,-,-,,
85,,,1969,,,JPN,,バイザー, ,,,バイザー, ,Link,https://twitter.com/Link,,,,,,,,,,,,,,,,,,,,,,,,,,,,,,,,,,,,,,,,,,,,,,,,,,,,,,,-,-,-,-,-,-,-,-,-,-,-,-,-,Tera,Item,-,Tera,Item,-,Tera,Item,-,Tera,Item,-,Tera,Item,-,Tera,Item,,,,,,,,,-,-,-,-,-,-,,
86,,,1969,,,FRA,,Erizabeth,Erizabeth,,,Érizabeth,RoicVKR9pyMvtHc,Link,https://twitter.com/Link,,,,,,,,,,,,,,,,,,,,,,,,,https://twitter.com/RoicVKR9pyMvtHc/status/1686253509673717760?s=20,,,,,,,,,,,,,,,,,,,,,,,,,,,,,,-,-,-,-,-,-,-,-,-,-,-,-,-,Tera,Item,-,Tera,Item,-,Tera,Item,-,Tera,Item,-,Tera,Item,-,Tera,Item,,,,,,,,,-,-,-,-,-,-,,
87,,,1968,,,JPN,,RiPoP, ,,,RiPoP, ,Link,https://twitter.com/Link,,,,,,,,,,,,,,,,,,,,,,,,,,,,,,,,,,,,,,,,,,,,,,,,,,,,,,,-,-,-,-,-,-,-,-,-,-,-,-,-,Tera,Item,-,Tera,Item,-,Tera,Item,-,Tera,Item,-,Tera,Item,-,Tera,Item,,,,,,,,,-,-,-,-,-,-,,
88,,,1968,,,JPN,,あだちさくら, ,,,あだちさくら, ,Link,https://twitter.com/Link,,,,,,,,,,,,,,,,,,,,,,,,,,,,,,,,,,,,,,,,,,,,,,,,,,,,,,,-,-,-,-,-,-,-,-,-,-,-,-,-,Tera,Item,-,Tera,Item,-,Tera,Item,-,Tera,Item,-,Tera,Item,-,Tera,Item,,,,,,,,,-,-,-,-,-,-,,
89,,,1968,,,JPN,,スカーレット, ,,,スカーレット, ,Link,https://twitter.com/Link,,,,,,,,,,,,,,,,,,,,,,,,,,,,,,,,,,,,,,,,,,,,,,,,,,,,,,,-,-,-,-,-,-,-,-,-,-,-,-,-,Tera,Item,-,Tera,Item,-,Tera,Item,-,Tera,Item,-,Tera,Item,-,Tera,Item,,,,,,,,,-,-,-,-,-,-,,
90,,,1967,,,JPN,,tomo, ,,,tomo, ,Link,https://twitter.com/Link,,,,,,,,,,,,,,,,,,,,,,,,,,,,,,,,,,,,,,,,,,,,,,,,,,,,,,,-,-,-,-,-,-,-,-,-,-,-,-,-,Tera,Item,-,Tera,Item,-,Tera,Item,-,Tera,Item,-,Tera,Item,-,Tera,Item,,,,,,,,,-,-,-,-,-,-,,
91,,,1967,,,JPN,,HIKARI, ,,,HIKARI, ,Link,https://twitter.com/Link,,,,,,,,,,,,,,,,,,,,,,,,,,,,,,,,,,,,,,,,,,,,,,,,,,,,,,,-,-,-,-,-,-,-,-,-,-,-,-,-,Tera,Item,-,Tera,Item,-,Tera,Item,-,Tera,Item,-,Tera,Item,-,Tera,Item,,,,,,,,,-,-,-,-,-,-,,
92,,,1967,,,JPN,,スカーレット, ,,,スカーレット, ,Link,https://twitter.com/Link,,,,,,,,,,,,,,,,,,,,,,,,,,,,,,,,,,,,,,,,,,,,,,,,,,,,,,,-,-,-,-,-,-,-,-,-,-,-,-,-,Tera,Item,-,Tera,Item,-,Tera,Item,-,Tera,Item,-,Tera,Item,-,Tera,Item,,,,,,,,,-,-,-,-,-,-,,
93,,,1966,,,JPN,,ナンス, ,,,ナンス, ,Link,https://twitter.com/Link,,,,,,,,,,,,,,,,,,,,,,,,,,,,,,,,,,,,,,,,,,,,,,,,,,,,,,,-,-,-,-,-,-,-,-,-,-,-,-,-,Tera,Item,-,Tera,Item,-,Tera,Item,-,Tera,Item,-,Tera,Item,-,Tera,Item,,,,,,,,,-,-,-,-,-,-,,
94,,,1965,,,CHN,,也许, ,,,也许, ,Link,https://twitter.com/Link,,,,,,,,,,,,,,,,,,,,,,,,,,,,,,,,,,,,,,,,,,,,,,,,,,,,,,,-,-,-,-,-,-,-,-,-,-,-,-,-,Tera,Item,-,Tera,Item,-,Tera,Item,-,Tera,Item,-,Tera,Item,-,Tera,Item,,,,,,,,,-,-,-,-,-,-,,
95,,,1964,,,ITA,,marcofiero,Marco Silva,,,marcofiero,marc0fier0,Link,https://twitter.com/Link,,,Assault Vest,,,Flame Orb,,,Focus Sash,,,Mental Herb,,,Booster Energy,,,Choice Band,,,,,,,https://twitter.com/marc0fier0/status/1686118723139018752?s=20,,,,Dragonite,Urshifu,Flutter Mane,Iron Hands,Cresselia,Ursaluna,,Choice Band,Focus Sash,Booster Energy,Assault Vest,Mental Herb,Flame Orb,,Dragon,Fighting,Ghost,Fighting,Psychic,Ground,Dragon,Fighting,Ghost,Fighting,Psychic,Ground,9 Dragonite,4 Urshifu,8 Flutter Mane,4 Iron Hands,6 Cresselia,4 Ursaluna,4 Iron Hands,4 Ursaluna,4 Urshifu,6 Cresselia,8 Flutter Mane,9 Dragonite,Iron Hands,Fighting,Assault Vest,Ursaluna,Ground,Flame Orb,Urshifu,Fighting,Focus Sash,Cresselia,Psychic,Mental Herb,Flutter Mane,Ghost,Booster Energy,Dragonite,Dragon,Choice Band,,,,,,,,,Iron Hands,Ursaluna,Urshifu,Cresselia,Flutter Mane,Dragonite,,"Dragonite, Urshifu, Flutter Mane, Iron Hands, Cresselia, Ursaluna"
96,,,1964,,,JPN,,クロマ, ,,,クロマ, ,Link,https://twitter.com/Link,,,,,,,,,,,,,,,,,,,,,,,,,,,,,,,,,,,,,,,,,,,,,,,,,,,,,,,-,-,-,-,-,-,-,-,-,-,-,-,-,Tera,Item,-,Tera,Item,-,Tera,Item,-,Tera,Item,-,Tera,Item,-,Tera,Item,,,,,,,,,-,-,-,-,-,-,,
97,,,1964,,,ENG,,Tucu, ,,,Tucu, ,Link,https://twitter.com/Link,,,,,,,,,,,,,,,,,,,,,,,,,,,,,,,,,,,,,,,,,,,,,,,,,,,,,,,-,-,-,-,-,-,-,-,-,-,-,-,-,Tera,Item,-,Tera,Item,-,Tera,Item,-,Tera,Item,-,Tera,Item,-,Tera,Item,,,,,,,,,-,-,-,-,-,-,,
98,,,1964,,,JPN,,スカーレット, ,,,スカーレット, ,Link,https://twitter.com/Link,,,,,,,,,,,,,,,,,,,,,,,,,,,,,,,,,,,,,,,,,,,,,,,,,,,,,,,-,-,-,-,-,-,-,-,-,-,-,-,-,Tera,Item,-,Tera,Item,-,Tera,Item,-,Tera,Item,-,Tera,Item,-,Tera,Item,,,,,,,,,-,-,-,-,-,-,,
99,,,1963,,,CHN,,大穆1211, ,,,大穆1211, ,Link,https://twitter.com/Link,,,,,,,,,,,,,,,,,,,,,,,,,,,,,,,,,,,,,,,,,,,,,,,,,,,,,,,-,-,-,-,-,-,-,-,-,-,-,-,-,Tera,Item,-,Tera,Item,-,Tera,Item,-,Tera,Item,-,Tera,Item,-,Tera,Item,,,,,,,,,-,-,-,-,-,-,,
100,,,1963,,,JPN,,どらぽけ, ,,,どらぽけ, ,Link,https://twitter.com/Link,,,,,,,,,,,,,,,,,,,,,,,,,,,,,,,,,,,,,,,,,,,,,,,,,,,,,,,-,-,-,-,-,-,-,-,-,-,-,-,-,Tera,Item,-,Tera,Item,-,Tera,Item,-,Tera,Item,-,Tera,Item,-,Tera,Item,,,,,,,,,-,-,-,-,-,-,,